{
  "camera_matrix_parameters": {
    "vision_bottom": {
      "extrinsic_rotations": [
        0.6220847368240356,
        -3.833172559738159,
        2.5675015449523926
      ]
    },
    "vision_top": {
      "extrinsic_rotations": [
        0.4665631055831909,
        -5.909797668457031,
        2.0606536865234375
      ]
    }
  }
}
