{
  "camera_matrix_parameters": {
    "vision_bottom": {
      "extrinsic_rotations": [
        0.6509166955947876,
        -2.760448217391968,
        1.7311298847198486
      ]
    },
    "vision_top": {
      "extrinsic_rotations": [
        0.940212607383728,
        -2.24204421043396,
        1.637556552886963
      ]
    }
  }
}
