{
  "camera_matrix_parameters": {
    "vision_bottom": {
      "extrinsic_rotations": [
        0.0,
        -4.300000190734863,
        0.0
      ]
    },
    "vision_top": {
      "extrinsic_rotations": [
        -0.27216196060180664,
        -6.2597198486328125,
        0.0
      ]
    }
  }
}
