{
  "camera_matrix_parameters": {
    "vision_bottom": {
      "extrinsic_rotations": [
        0.38880228996276855,
        -4.743390083312988,
        0.0
      ]
    },
    "vision_top": {
      "extrinsic_rotations": [
        -0.27216196060180664,
        -5.598755359649658,
        0.0
      ]
    }
  }
}
