{
  "camera_matrix_parameters": {
    "vision_bottom": {
      "extrinsic_rotations": [
        0.5,
        -6.6096415519714355,
        -1.0
      ]
    },
    "vision_top": {
      "extrinsic_rotations": [
        0.0,
        -7.4650068283081055,
        0.0
      ]
    }
  }
}
