{
  "camera_matrix_parameters": {
    "vision_bottom": {
      "extrinsic_rotations": [
        0.9720057249069214,
        -4.300000190734863,
        -1.4385688304901123
      ]
    },
    "vision_top": {
      "extrinsic_rotations": [
        0.4665631055831909,
        -6.143078327178955,
        -0.6609642505645752
      ]
    }
  }
}
