{
  "camera_matrix_parameters": {
    "vision_bottom": {
      "extrinsic_rotations": [
        0.7387250661849976,
        -0.972006618976593,
        0.0
      ]
    },
    "vision_top": {
      "extrinsic_rotations": [
        0.8553653955459595,
        -2.1772937774658203,
        0.6609642505645752
      ]
    }
  }
}
