{
  "camera_matrix_parameters": {
    "vision_bottom": {
      "extrinsic_rotations": [
        0.5,
        -5.460463523864746,
        -1.0
      ]
    },
    "vision_top": {
      "extrinsic_rotations": [
        0.0,
        -8.381608009338379,
        1.1766815185546875
      ]
    }
  }
}
