{
  "camera_matrix_parameters": {
    "vision_bottom": {
      "extrinsic_rotations": [
        -0.27216196060180664,
        -2.7216176986694336,
        2.488335371017456
      ]
    },
    "vision_top": {
      "extrinsic_rotations": [
        -0.07776081562042236,
        -3.965785503387451,
        1.710730791091919
      ]
    }
  }
}
