{
  "camera_matrix_parameters": {
    "vision_bottom": {
      "cc_optical_center": [
        0.5,
        0.5
      ],
      "extrinsic_rotations": [
        0.6509166955947876,
        -2.760448217391968,
        1.7311298847198486
      ],
      "focal_lengths": [
        0.949999988079071,
        1.2699999809265137
      ]
    },
    "vision_top": {
      "cc_optical_center": [
        0.5,
        0.5
      ],
      "extrinsic_rotations": [
        0.5146622657775879,
        -1.6375529766082764,
        1.637556552886963
      ],
      "focal_lengths": [
        0.949999988079071,
        1.2699999809265137
      ]
    }
  }
}
