{
  "camera_matrix_parameters": {
    "vision_bottom": {
      "extrinsic_rotations": [
        -0.21697193384170532,
        -4.036931037902832,
        0.0
      ]
    },
    "vision_top": {
      "extrinsic_rotations": [
        -0.27216196060180664,
        -5.050688743591309,
        0.5249816179275513
      ]
    }
  }
}
