{
  "camera_matrix_parameters": {
    "vision_bottom": {
      "extrinsic_rotations": [
        -1.127527356147766,
        -0.07776081562042236,
        1.36080801486969
      ]
    },
    "vision_top": {
      "extrinsic_rotations": [
        -1.0497665405273438,
        -2.371695041656494,
        1.36080801486969
      ]
    }
  }
}
