{
  "camera_matrix_parameters": {
    "vision_bottom": {
      "extrinsic_rotations": [
        0.9720057249069214,
        -5.054431438446045,
        -0.8553653955459595
      ]
    },
    "vision_top": {
      "extrinsic_rotations": [
        -0.3110423684120178,
        -6.687402248382568,
        1.244167685508728
      ]
    }
  }
}
