{
    "bottom_cc": [
        0.49368322284867594,
        0.5085238908646214
    ],
    "bottom_ext": [
        0,
        0,
        0
    ],
    "bottom_fc": [
        0.9525451352605296,
        1.2719761641273672
    ],
    "cam2groundStand": [
        [
            [
                0.0209000091999769,
                0,
                1,
                0
            ],
            [
                0.0587099976837635,
                0,
                0.498827219009399
            ]
        ],
        [
            [
                0.692900002002716,
                0,
                1,
                0
            ],
            [
                0.0507100000977516,
                0,
                0.45292717218399
            ]
        ]
    ],
    "fov": [
        56.3,
        43.7
    ],
    "top_cc": [
        0.5020774435128451,
        0.5058188289807312
    ],
    "top_ext": [
        0,
        0,
        0
    ],
    "top_fc": [
        0.9591857251316671,
        1.2817988166276753
    ],
    "torsoCalibration": [
        0,
        0
    ]
}
