{
  "angleToBallDribble": 10,
  "angleToBallKick": 2.86479,
  "asapDeviationAngle": 30,
  "distanceToBallDribble": [0.20, 0.05],
  "dribbleMapInterpolationPoints": [
        [[-1, 1], [2, -1]],
        [[-1, -1], [2, 1]],
        [[-1, 0.3], [1, 1]],
        [[-1, -0.3], [1, -1]],
        [[0, 1], [1, -1]],
        [[0, -1], [1, 1]],
        [[0.3, 0.2], [5, -1]],
        [[0.3, -0.2], [5, 1]],
        [[1, 1], [-1, -1]],
        [[1, -1], [-1, 1]]
  ],
  "kickAwayFromGoal": true,
  "kickIntoGoal": true,
  "kickOpeningAngle": 40,
  "kickRatingChunkWeights": [0.01924028421494354, 0.028644613095395594, 0.04178412243409146, 0.059719540502257654, 0.0836293029404593, 0.11474594411686602, 0.15425990432339448, 0.20319153865455267, 0.2622376398974515, 0.33160516287444775, 0.4108510364253378, 0.4987516408040004, 0.5932273089005728, 0.6913449271975526, 0.7894148158128593, 0.8831868880544755, 0.9681369593051073, 1.039819204901382, 1.094247885554892, 1.128263256943603, 1.1398350868612364, 1.128263256943603, 1.094247885554892, 1.039819204901382, 0.9681369593051073, 0.8831868880544755, 0.7894148158128593, 0.6913449271975526, 0.5932273089005728, 0.4987516408040004, 0.4108510364253378, 0.33160516287444775, 0.2622376398974515, 0.20319153865455267, 0.15425990432339448, 0.11474594411686602, 0.0836293029404593, 0.059719540502257654, 0.04178412243409146, 0.028644613095395594, 0.01924028421494354],
  "kickRatingThreshold": 0.6,
  "ownGoalAreaRadius": 2,
  "opponentGoalAreaRadius": 4.25,
  "useInWalkKickAsStrongDribble": false,
  "useInWalkKickInKickOff": true,
  "useInWalkKickToClearBall": false,
  "useInWalkKickToClearBallASAP": false,
  "useInWalkKickToScoreGoal": false,
  "useOnlyThisFoot": 0,
  "useSideKick": false,
  "useStrongDribble": true,
  "useTurnKick": false,
  "forceKick": false
}
