{
    "top_fc": [
        0.874765625,
        1.1709375
    ],
    "top_cc": [
        0.5,
        0.5
    ],
    "bottom_fc": [
        0.874765625,
        1.1709375
    ],
    "bottom_cc": [
        0.5,
        0.5
    ]
}
