{
  "top_fc": [
    0.874765625,
    1.1709375
  ],
  "top_cc": [
    0.5189843749999999,
    0.5222916666666666
  ],
  "bottom_fc": [
    0.874765625,
    1.1709375
  ],
  "bottom_cc": [
    0.5189843749999999,
    0.5222916666666666
  ]
}
