{
  "camera_matrix_parameters": {
    "calibration": {
      "correction_in_camera_bottom": [
        -0.008855445310473442,
        -0.03921573981642723,
        -0.00526132108643651
      ],
      "correction_in_camera_top": [
        -0.004078566562384367,
        -0.017121916636824608,
        -0.008688529022037983
      ],
      "correction_in_robot": [
        0.009707046672701836,
        -0.00557080190628767,
        -0.042560990899801254
      ]
    },
    "vision_bottom": {
      "extrinsic_rotations": [
        -4.511622428894043,
        -2.427844524383545,
        0.01938164234161377
      ]
    },
    "vision_top": {
      "extrinsic_rotations": [
        -6.188063621520996,
        -0.9570738673210144,
        1.2032711505889893
      ]
    }
  }
}
