{
  "camera_matrix_parameters": {
    "vision_bottom": {
      "extrinsic_rotations": [
        -0.3193563222885132,
        -2.3122000694274902,
        1.3297533988952637
      ]
    },
    "vision_top": {
      "extrinsic_rotations": [
        0.3527909517288208,
        -3.742959976196289,
        1.112651824951172
      ]
    }
  }
}
