{
  "camera_matrix_parameters": {
    "vision_bottom": {
      "extrinsic_rotations": [
        -5.827461242675781,
        -0.6944963335990906,
        -0.10601252317428587
      ]
    },
    "vision_top": {
      "extrinsic_rotations": [
        -6.622339248657227,
        -0.05070090293884277,
        -1.2348836660385132
      ]
    }
  },
  "player_number": "Two"
}
