{
  "camera_matrix_parameters": {
    "vision_bottom": {
      "extrinsic_rotations": [
        -2.749772071838379,
        -1.3235118985176086,
        -0.6921404600143433
      ]
    },
    "vision_top": {
      "extrinsic_rotations": [
        -4.453154563903809,
        -0.31947433948516846,
        -0.20393550395965576
      ]
    }
  }
}
