{
  "camera_matrix_parameters": {
    "vision_bottom": {
      "extrinsic_rotations": [
        -4.441000461578369,
        -2.7186262607574463,
        -0.2155807614326477
      ]
    },
    "vision_top": {
      "extrinsic_rotations": [
        -4.477133274078369,
        -2.4304425716400146,
        -0.8896377682685852
      ]
    }
  }
}
