{
  "camera_matrix_parameters": {
    "vision_bottom": {
      "extrinsic_rotations": [
        -3.7042431831359863,
        0.1206064224243164,
        -0.2380576729774475
      ]
    },
    "vision_top": {
      "extrinsic_rotations": [
        -4.110447883605957,
        0.20509779453277588,
        -0.7601988315582275
      ]
    }
  },
  "player_number": "Five"
}
