{
  "camera_matrix_parameters": {
    "vision_bottom": {
      "extrinsic_rotations": [
        0.109214186668396,
        2.110628604888916,
        -0.04021346569061279
      ]
    },
    "vision_top": {
      "extrinsic_rotations": [
        -2.959078311920166,
        2.735109329223633,
        -0.8608299493789673
      ]
    }
  }
}
