{
  "camera_matrix_parameters": {
    "vision_bottom": {
      "extrinsic_rotations": [
        -0.5463731288909912,
        1.882912516593933,
        -0.6743565201759338
      ]
    },
    "vision_top": {
      "extrinsic_rotations": [
        -3.123825788497925,
        2.480703592300415,
        -1.5881824493408203
      ]
    }
  },
  "player_number": "Three"
}
