{
  "camera_matrix_parameters": {
    "vision_bottom": {
      "extrinsic_rotations": [
        -0.7594603300094604,
        3.270902156829834,
        -1.1424583196640017
      ]
    },
    "vision_top": {
      "extrinsic_rotations": [
        -1.3164067268371582,
        -0.6832864880561829,
        -0.7101461291313171
      ]
    }
  }
}
