{
  "camera_matrix_parameters": {
    "calibration": {
      "correction_in_camera_bottom": [
        0.043893005698919296,
        -0.09549418836832048,
        0.009923883713781834
      ],
      "correction_in_camera_top": [
        0.02929781563580036,
        -0.09220149368047714,
        0.03311292454600334
      ],
      "correction_in_robot": [
        -0.010544112883508204,
        0.007667018100619316,
        -0.0467318557202816
      ]
    },
    "vision_bottom": {
      "extrinsic_rotations": [
        -1.4062178134918213,
        3.212244033813477,
        -1.0124963521957395
      ]
    },
    "vision_top": {
      "extrinsic_rotations": [
        -3.4089455604553223,
        3.412630081176758,
        -0.5929854512214661
      ]
    }
  },
  "player_number": "Four"
}
