{
  "camera_matrix_parameters": {
    "calibration": {
      "correction_in_camera_bottom": [
        -0.08246374130249023,
        0.0023524814750999212,
        -0.010078409686684608
      ],
      "correction_in_camera_top": [
        -0.121929831802845,
        -0.0001769066439010203,
        0.01421871967613697
      ],
      "correction_in_robot": [
        -0.008374137803912163,
        0.011006636545062063,
        -0.005928778555244207
      ]
    }
  }
}
