{
  "camera_matrix_parameters": {
    "vision_bottom": {
      "extrinsic_rotations": [
        -1.0583772659301758,
        -1.96297287940979,
        1.3297533988952637
      ]
    },
    "vision_top": {
      "extrinsic_rotations": [
        0.3527909517288208,
        -3.290743350982666,
        1.112651824951172
      ]
    }
  }
}
