{
  "camera_matrix_parameters": {
    "vision_bottom": {
      "extrinsic_rotations": [
        -4.248881816864014,
        -2.328246831893921,
        -1.515120029449463
      ]
    },
    "vision_top": {
      "extrinsic_rotations": [
        -6.027913570404053,
        -1.5472322702407837,
        -0.8696275949478149
      ]
    }
  }
}
