{
  "camera_matrix_parameters": {
    "vision_bottom": {
      "extrinsic_rotations": [
        0.20805537700653076,
        -0.07776081562042236,
        0.027136802673339844
      ]
    },
    "vision_top": {
      "extrinsic_rotations": [
        -0.5424311757087708,
        -0.8678895235061646,
        -0.32545924186706543
      ]
    }
  }
}
