{
  "camera_matrix_parameters": {
    "vision_bottom": {
      "extrinsic_rotations": [
        0.6197601556777954,
        1.5834367275238037,
        0.6423550844192505
      ]
    },
    "vision_top": {
      "extrinsic_rotations": [
        -1.417165756225586,
        1.5543043613433838,
        0.4728126525878906
      ]
    }
  }
}
