{
  "camera_matrix_parameters": {
    "calibration": {
      "correction_in_camera_bottom": [
        0.010069825686514378,
        0.04133147746324539,
        0.024430247023701668
      ],
      "correction_in_camera_top": [
        0.001000099116936326,
        0.03568204864859581,
        0.0060418592765927315
      ],
      "correction_in_robot": [
        -0.008601008914411068,
        0.003798585850745439,
        0.013213712722063065
      ]
    },
    "vision_bottom": {
      "extrinsic_rotations": [
        -3.8449547290802,
        0.8310127258300781,
        -0.8390218019485474
      ]
    },
    "vision_top": {
      "extrinsic_rotations": [
        -5.334465980529785,
        1.0237079858779907,
        -0.3370177745819092
      ]
    }
  }
}
