{
  "camera_matrix_parameters": {
    "calibration": {
      "correction_in_camera_bottom": [
        -0.006495677400380373,
        0.00179259420838207,
        -0.030473290011286736
      ],
      "correction_in_camera_top": [
        0.0009464877657592296,
        -0.0007094445754773915,
        0.04573822021484375
      ],
      "correction_in_robot": [
        0.001105802832171321,
        -0.000127820618217811,
        0.025761157274246216
      ]
    }
  }
}
