{
  "camera_matrix_parameters": {
    "vision_bottom": {
      "extrinsic_rotations": [
        -3.4162840843200684,
        -1.8564265966415403,
        0.6957650184631348
      ]
    },
    "vision_top": {
      "extrinsic_rotations": [
        -4.347378730773926,
        -2.5567915439605713,
        1.5072226524353027
      ]
    }
  },
  "player_number": "Two"
}
