{
  "camera_matrix_parameters": {
    "calibration": {
      "correction_in_camera": [
        -0.10134784877300262,
        0.007852191105484962,
        -0.0019030942348763349
      ],
      "correction_in_robot": [
        -0.0022790355142205954,
        -0.01096618827432394,
        -0.011389706283807756
      ]
    }
  }
}
