{
  "camera_matrix_parameters": {
    "calibration": {
      "correction_in_camera_bottom": [
        0.01844673976302147,
        -0.04181152582168579,
        0.013217771425843239
      ],
      "correction_in_camera_top": [
        0.010713551193475723,
        -0.044869109988212585,
        0.017595140263438225
      ],
      "correction_in_robot": [
        -0.008170234970748425,
        -0.003965923562645912,
        -0.00701899453997612
      ]
    },
    "vision_bottom": {
      "extrinsic_rotations": [
        -1.4062178134918213,
        3.212244033813477,
        -1.0124963521957395
      ]
    },
    "vision_top": {
      "extrinsic_rotations": [
        -3.4089455604553223,
        3.412630081176758,
        -0.5929854512214661
      ]
    }
  }
}
