{
  "camera_matrix_parameters": {
    "vision_bottom": {
      "extrinsic_rotations": [
        -3.490844964981079,
        1.1375266313552856,
        -0.26475459337234497
      ]
    },
    "vision_top": {
      "extrinsic_rotations": [
        -5.258692741394043,
        0.16666710376739502,
        -0.4265221953392029
      ]
    }
  },
  "player_number": "Three"
}
