{
  "camera_matrix_parameters": {
    "vision_bottom": {
      "extrinsic_rotations": [
        0.109214186668396,
        -0.8188685774803162,
        -0.9690561890602112
      ]
    },
    "vision_top": {
      "extrinsic_rotations": [
        -3.233439683914185,
        -0.1471102237701416,
        -1.44012188911438
      ]
    }
  },
  "player_number": "Four"
}
