{
  "camera_matrix_parameters": {
    "vision_bottom": {
      "extrinsic_rotations": [
        -3.5326740741729736,
        -3.0798349380493164,
        0.040860772132873535
      ]
    },
    "vision_top": {
      "extrinsic_rotations": [
        -4.496262073516846,
        -3.341855525970459,
        1.0221058130264282
      ]
    }
  },
  "player_number": "Two"
}
