{
  "camera_matrix_parameters": {
    "vision_bottom": {
      "extrinsic_rotations": [
        -0.146351158618927,
        5.0141143798828125,
        0.5525583028793335
      ]
    },
    "vision_top": {
      "extrinsic_rotations": [
        -2.959078311920166,
        7.092237949371338,
        -1.8409368991851807
      ]
    }
  }
}
