{
  "camera_matrix_parameters": {
    "vision_bottom": {
      "extrinsic_rotations": [
        -3.1690738201141357,
        0.6518608331680298,
        0.9288811683654785
      ]
    },
    "vision_top": {
      "extrinsic_rotations": [
        -4.223230361938477,
        1.4540594816207886,
        1.233431696891785
      ]
    }
  }
}
