{
  "camera_matrix_parameters": {
    "vision_bottom": {
      "extrinsic_rotations": [
        -4.441000461578369,
        -2.7186262607574463,
        -0.2155807614326477
      ]
    },
    "vision_top": {
      "extrinsic_rotations": [
        -4.28344202041626,
        -1.2912180423736572,
        -0.8869850635528564
      ]
    }
  },
  "player_number": "Three"
}
