{
  "camera_matrix_parameters": {
    "calibration": {
      "correction_in_camera_bottom": [
        -0.0641484409570694,
        0.09629414230585098,
        0.03316110372543335
      ],
      "correction_in_camera_top": [
        -0.08592838793992996,
        0.09954570978879929,
        0.04467202350497246
      ],
      "correction_in_robot": [
        -0.000436883739894256,
        -0.008738652803003788,
        0.0806351974606514
      ]
    }
  },
  "player_number": "Three"
}
