{
  "camera_matrix_parameters": {
    "vision_bottom": {
      "extrinsic_rotations": [
        -1.69705331325531,
        -0.34364014863967896,
        -0.4112443327903747
      ]
    },
    "vision_top": {
      "extrinsic_rotations": [
        -4.3482441902160645,
        -0.47342777252197266,
        0.0392228364944458
      ]
    }
  },
  "player_number": "One"
}
