{
  "camera_matrix_parameters": {
    "vision_bottom": {
      "extrinsic_rotations": [
        -0.041506290435791016,
        -0.038394033908843994,
        -0.8191251754760742
      ]
    },
    "vision_top": {
      "extrinsic_rotations": [
        -0.4787662625312805,
        0.2766430377960205,
        -1.1831992864608765
      ]
    }
  }
}
