{
  "camera_matrix_parameters": {
    "calibration": {
      "correction_in_camera_bottom": [
        0.003797146026045084,
        -0.08090905100107193,
        0.020233865827322006
      ],
      "correction_in_camera_top": [
        0.0007736413972452283,
        -0.12711578607559204,
        0.013656937517225742
      ],
      "correction_in_robot": [
        -0.010541100054979324,
        0.0020778747275471687,
        -0.05574512854218483
      ]
    },
    "vision_bottom": {
      "extrinsic_rotations": [
        -0.9637901186943054,
        1.830570101737976,
        -0.9879335761070251
      ]
    },
    "vision_top": {
      "extrinsic_rotations": [
        -2.891505241394043,
        4.0365118980407715,
        -0.8275419473648071
      ]
    }
  }
}
