{
  "camera_matrix_parameters": {
    "vision_bottom": {
      "extrinsic_rotations": [
        -0.38102924823760986,
        1.616397500038147,
        -0.6749475002288818
      ]
    },
    "vision_top": {
      "extrinsic_rotations": [
        -3.1643271446228027,
        2.430558681488037,
        -1.2855684757232666
      ]
    }
  },
  "player_number": "Four"
}
