{
  "camera_matrix_parameters": {
    "calibration": {
      "correction_in_camera_bottom": [
        -0.014589237049221992,
        0.05871693789958954,
        0.03654113784432411
      ],
      "correction_in_camera_top": [
        -0.013626644387841225,
        0.08048115670681,
        0.02839617989957333
      ],
      "correction_in_robot": [
        -0.007559316232800484,
        -0.005503971595317125,
        -0.018711920827627185
      ]
    },
    "vision_bottom": {
      "extrinsic_rotations": [
        -4.459723949432373,
        -1.5433313846588137,
        -1.2221771478652954
      ]
    },
    "vision_top": {
      "extrinsic_rotations": [
        -5.9292778968811035,
        -1.461201310157776,
        -1.0342803001403809
      ]
    }
  },
  "player_number": "Five"
}
