{
  "camera_matrix_parameters": {
    "calibration": {
      "correction_in_camera_bottom": [
        -0.09914340078830719,
        0.024192998185753822,
        0.012110337615013123
      ],
      "correction_in_camera_top": [
        -0.14081920683383942,
        0.02810511738061905,
        0.018855545669794083
      ],
      "correction_in_robot": [
        -0.010303775779902937,
        0.001287481980398297,
        0.033729929476976395
      ]
    }
  }
}
