{
  "camera_matrix_parameters": {
    "vision_bottom": {
      "extrinsic_rotations": [
        -0.7327231764793396,
        -2.143892288208008,
        -1.4563992023468018
      ]
    },
    "vision_top": {
      "extrinsic_rotations": [
        -0.8050909638404846,
        -3.4826927185058594,
        -0.1175987720489502
      ]
    }
  }
}
