{
  "camera_matrix_parameters": {
    "calibration": {
      "correction_in_camera_bottom": [
        -0.10778412967920303,
        -0.02078019455075264,
        -0.0029341084882616997
      ],
      "correction_in_camera_top": [
        -0.1327338069677353,
        -0.00006339096580632031,
        0.0005687692319042981
      ],
      "correction_in_robot": [
        -0.0056508309207856655,
        -0.007248251233249903,
        -0.01517506968230009
      ]
    }
  }
}
