{
  "camera_matrix_parameters": {
    "calibration": {
      "correction_in_camera_bottom": [
        -0.018905803561210632,
        0.019183196127414703,
        0.027921399101614952
      ],
      "correction_in_camera_top": [
        -0.018176302313804623,
        0.031892742961645126,
        0.02438417635858059
      ],
      "correction_in_robot": [
        -0.007977844215929508,
        -0.00952756404876709,
        -0.0039327191188931465
      ]
    },
    "vision_bottom": {
      "extrinsic_rotations": [
        -4.459723949432373,
        -1.5433313846588137,
        -1.2221771478652954
      ]
    },
    "vision_top": {
      "extrinsic_rotations": [
        -5.9292778968811035,
        -1.461201310157776,
        -1.0342803001403809
      ]
    }
  }
}
