{
  "camera_matrix_parameters": {
    "vision_bottom": {
      "extrinsic_rotations": [
        -3.2988202571868896,
        -1.560529708862305,
        -1.2982580661773682
      ]
    },
    "vision_top": {
      "extrinsic_rotations": [
        -5.061725616455078,
        -1.5120086669921875,
        -0.8641102910041809
      ]
    }
  },
  "player_number": "Three"
}
