{
  "camera_matrix_parameters": {
    "calibration": {
      "correction_in_camera_bottom": [
        -0.07063393294811249,
        0.020090753212571144,
        -0.0015368059976026416
      ],
      "correction_in_camera_top": [
        -0.08935866504907608,
        0.021149221807718277,
        -0.0031924396753311157
      ],
      "correction_in_robot": [
        -0.002677250187844038,
        0.007484549656510353,
        0.02221067063510418
      ]
    }
  }
}
