{
  "camera_matrix_parameters": {
    "vision_bottom": {
      "extrinsic_rotations": [
        0.736275315284729,
        1.0660958290100098,
        -0.29779762029647827
      ]
    },
    "vision_top": {
      "extrinsic_rotations": [
        -1.4109375476837158,
        2.276233434677124,
        -0.09490817785263062
      ]
    }
  }
}
