{
  "camera_matrix_parameters": {
    "vision_bottom": {
      "extrinsic_rotations": [
        -3.734440505504608,
        -2.069501280784607,
        -0.6296610832214355
      ]
    },
    "vision_top": {
      "extrinsic_rotations": [
        -6.120299398899078,
        -1.477270424365997,
        0.05594372749328613
      ]
    }
  },
  "jersey_number": 19
}
