{
  "camera_matrix_parameters": {
    "calibration": {
      "correction_in_camera_bottom": [
        -0.10515286028385162,
        -0.004296144004911184,
        0.014743300154805183
      ],
      "correction_in_camera_top": [
        -0.11568813771009444,
        0.009051582776010036,
        -0.0035446942783892155
      ],
      "correction_in_robot": [
        -0.0014335386222228408,
        0.002269041957333684,
        -0.009240120649337769
      ]
    }
  },
  "player_number": "Five"
}
