{
  "camera_matrix_parameters": {
    "calibration": {
      "correction_in_camera_bottom": [
        -0.024768253788352013,
        0.01214552205055952,
        0.006271286401897669
      ],
      "correction_in_camera_top": [
        -0.05711281672120094,
        0.02547045052051544,
        0.01228960696607828
      ],
      "correction_in_robot": [
        -0.0030388692393898964,
        -0.015088380314409733,
        -0.006405411753803492
      ]
    }
  }
}
