{
  "camera_matrix_parameters": {
    "vision_bottom": {
      "extrinsic_rotations": [
        -3.5938758850097656, 1.7237269878387451, 1.1488670110702515
      ]
    },
    "vision_top": {
      "extrinsic_rotations": [
        -4.161088943481445, 0.810440182685852, 1.4565306901931765
      ]
    }
  }
}
