{
  "camera_matrix_parameters": {
    "vision_bottom": {
      "extrinsic_rotations": [
        -4.459723949432373,
        -1.5433313846588135,
        -1.3483929634094238
      ]
    },
    "vision_top": {
      "extrinsic_rotations": [
        -6.355825901031494,
        -0.49191176891326904,
        -1.0342803001403809
      ]
    }
  }
}
