{
  "camera_matrix_parameters": {
    "vision_bottom": {
      "extrinsic_rotations": [
        -0.44793426990509033,
        3.0978779792785645,
        -0.8671179413795471
      ]
    },
    "vision_top": {
      "extrinsic_rotations": [
        -2.692206382751465,
        5.000592231750488,
        -0.7526904344558716
      ]
    }
  }
}
