{
  "camera_matrix_parameters": {
    "calibration": {
      "correction_in_camera_bottom": [
        0.043893005698919296,
        -0.09549418836832048,
        0.009923883713781834
      ],
      "correction_in_camera_top": [
        0.02929781563580036,
        -0.09220149368047714,
        0.03311292454600334
      ],
      "correction_in_robot": [
        -0.010544112883508204,
        0.007667018100619316,
        -0.0467318557202816
      ]
    },
    "vision_bottom": {
      "extrinsic_rotations": [
        -2.044037342071533,
        0.3492915630340576,
        -0.3322979807853699
      ]
    },
    "vision_top": {
      "extrinsic_rotations": [
        -3.4089455604553223,
        0.7323199510574341,
        -1.5005618333816528
      ]
    }
  },
  "player_number": "One"
}
