{
  "camera_matrix_parameters": {
    "vision_bottom": {
      "extrinsic_rotations": [
        -3.6420392990112305,
        1.7377245426177979,
        0.18383145332336426
      ]
    },
    "vision_top": {
      "extrinsic_rotations": [
        -5.776129245758057,
        3.0504136085510254,
        0.17064392566680908
      ]
    }
  }
}
