{
  "camera_matrix_parameters": {
    "vision_bottom": {
      "extrinsic_rotations": [
        -1.0347989201545715,
        1.169031858444214,
        -0.3767466545104981
      ]
    },
    "vision_top": {
      "extrinsic_rotations": [
        -3.3375567197799683,
        2.329537868499756,
        0.0392228364944458
      ]
    }
  }
}
