{
  "camera_matrix_parameters": {
    "calibration": {
      "correction_in_camera_bottom": [
        -0.07530401647090912,
        0.008005315437912941,
        0.011571618728339672
      ],
      "correction_in_camera_top": [
        -0.08019480109214783,
        0.009931733831763268,
        -0.00415249215438962
      ],
      "correction_in_robot": [
        0.002035552402958274,
        -0.01201094686985016,
        0.02217993699014187
      ]
    }
  },
  "player_number": "Four"
}
