{
  "camera_matrix_parameters": {
    "vision_bottom": {
      "extrinsic_rotations": [
        -1.5302592515945437,
        0.26052117347717285,
        -0.4112443327903747
      ]
    },
    "vision_top": {
      "extrinsic_rotations": [
        -4.3482441902160645,
        2.329537868499756,
        0.0392228364944458
      ]
    }
  },
  "player_number": "Two"
}
