{
  "camera_matrix_parameters": {
    "vision_bottom": {
      "extrinsic_rotations": [
        -4.317785263061523,
        -1.89806604385376,
        0.13522624969482422
      ]
    },
    "vision_top": {
      "extrinsic_rotations": [
        -6.233189105987549,
        -0.28863340616226196,
        1.6306382417678833
      ]
    }
  },
  "player_number": "One"
}
