{
  "camera_matrix_parameters": {
    "vision_bottom": {
      "extrinsic_rotations": [
        -6.2721357345581055,
        -2.608306884765625,
        -0.3240618109703064
      ]
    },
    "vision_top": {
      "extrinsic_rotations": [
        -6.7725348472595215,
        -2.753164291381836,
        -0.6690046191215515
      ]
    }
  },
  "player_number": "Six"
}
