{
  "camera_matrix_parameters": {
    "vision_bottom": {
      "extrinsic_rotations": [
        -5.971738815307617,
        2.9399800300598145,
        0.15326321125030518
      ]
    },
    "vision_top": {
      "extrinsic_rotations": [
        -6.871341228485107,
        3.9096431732177734,
        -0.40609270334243774
      ]
    }
  }
}
