{
  "camera_matrix_parameters": {
    "calibration": {
      "correction_in_camera_bottom": [
        0.0005056083900853992,
        -0.013852772302925587,
        -0.003944245167076588
      ],
      "correction_in_camera_top": [
        -0.0035682679153978825,
        -0.08500394970178604,
        -0.02761783078312874
      ],
      "correction_in_robot": [
        0.008204453624784946,
        -0.0003164542722515762,
        -0.030071942135691643
      ]
    },
    "vision_bottom": {
      "extrinsic_rotations": [
        -4.511622428894043,
        -2.427844524383545,
        0.01938164234161377
      ]
    },
    "vision_top": {
      "extrinsic_rotations": [
        -6.188063621520996,
        -0.9570738673210144,
        1.2032711505889893
      ]
    }
  }
}
