{
  "camera_matrix_parameters": {
    "vision_bottom": {
      "extrinsic_rotations": [
        -4.24737274646759,
        -0.42051762342453,
        0.5215591192245483
      ]
    },
    "vision_top": {
      "extrinsic_rotations": [
        -5.879413604736328,
        -0.2684551477432251,
        1.308302879333496
      ]
    }
  }
}
