{
  "camera_matrix_parameters": {
    "vision_bottom": {
      "extrinsic_rotations": [
        -4.933622360229492,
        -3.674492359161377,
        0.15570402145385742
      ]
    },
    "vision_top": {
      "extrinsic_rotations": [
        -6.206871032714844,
        -2.7951622009277344,
        0.6573504209518433
      ]
    }
  },
  "player_number": "One"
}
