{
  "camera_matrix_parameters": {
    "vision_bottom": {
      "extrinsic_rotations": [
        -6.421729564666748,
        2.290815830230713,
        -0.1414141058921814
      ]
    },
    "vision_top": {
      "extrinsic_rotations": [
        -6.871341228485107,
        3.9096431732177734,
        -0.40609270334243774
      ]
    }
  }
}
