{
  "camera_matrix_parameters": {
    "calibration": {
      "correction_in_camera_bottom": [
        -0.06507351994514465,
        -0.003216041484847665,
        0.003854178823530674
      ],
      "correction_in_camera_top": [
        -0.08282285183668137,
        -0.005645996890962124,
        0.0085804034024477
      ],
      "correction_in_robot": [
        0.0003595011366996914,
        -0.0017593869706615806,
        0.028219446539878845
      ]
    }
  }
}
