{
  "camera_matrix_parameters": {
    "calibration": {
      "correction_in_camera_bottom": [
        -0.014850498177111149,
        -0.0671933963894844,
        -0.02714350633323193
      ],
      "correction_in_camera_top": [
        -0.018040619790554047,
        -0.05136433243751526,
        -0.0007564551196992397
      ],
      "correction_in_robot": [
        0.000618702033534646,
        -0.003974707331508398,
        -0.037841103971004486
      ]
    },
    "vision_bottom": {
      "extrinsic_rotations": [
        -3.647993803024292,
        -3.1702003479003906,
        -0.40399253368377686
      ]
    },
    "vision_top": {
      "extrinsic_rotations": [
        -4.9252471923828125,
        -3.576171398162842,
        1.0953211784362793
      ]
    }
  },
  "player_number": "Six"
}
