{
  "camera_matrix_parameters": {
    "calibration": {
      "correction_in_camera_bottom": [
        -0.058971159160137177,
        0.04154665768146515,
        0.01486979890614748
      ],
      "correction_in_camera_top": [
        -0.08088365197181702,
        0.00527216587215662,
        0.020588582381606105
      ],
      "correction_in_robot": [
        0.003320740768685937,
        -0.0037753614597022538,
        0.008110553957521915
      ]
    }
  }
}
