{
  "camera_matrix_parameters": {
    "vision_bottom": {
      "extrinsic_rotations": [
        -0.8664080500602722, 3.553433418273926, -0.33780813217163086
      ]
    },
    "vision_top": {
      "extrinsic_rotations": [
        -0.8014833927154541, 3.4765684604644775, -0.4619362950325012
      ]
    }
  }
}
