{
  "camera_matrix_parameters": {
    "vision_bottom": {
      "extrinsic_rotations": [
        -1.268514096736908,
        -1.436777114868164,
        0.07290422916412354
      ]
    },
    "vision_top": {
      "extrinsic_rotations": [
        -2.186572551727295,
        -0.4982542991638184,
        0.5350595712661743
      ]
    }
  }
}
