{
  "camera_matrix_parameters": {
    "calibration": {
      "correction_in_camera_bottom": [
        -0.014850498177111149,
        -0.0671933963894844,
        -0.02714350633323193
      ],
      "correction_in_camera_top": [
        -0.018040619790554047,
        -0.05136433243751526,
        -0.0007564551196992397
      ],
      "correction_in_robot": [
        0.000618702033534646,
        -0.003974707331508398,
        -0.037841103971004486
      ]
    },
    "vision_bottom": {
      "extrinsic_rotations": [
        -3.411283493041992,
        -1.8674371242523191,
        -0.001214146614074707
      ]
    },
    "vision_top": {
      "extrinsic_rotations": [
        -4.412396430969238,
        -2.7017650604248047,
        0.8421331644058228
      ]
    }
  },
  "player_number": "Three"
}
