{
  "camera_matrix_parameters": {
    "calibration": {
      "correction_in_camera": [
        -0.12748777866363523,
        0.02531630732119083,
        0.013148375786840916
      ],
      "correction_in_robot": [
        -0.010546702891588213,
        -0.00006250653677852824,
        0.017297964543104172
      ]
    }
  }
}
