{
  "camera_matrix_parameters": {
    "calibration": {
      "correction_in_camera_bottom": [
        0.032806701958179474,
        -0.07109411805868149,
        -0.007871470414102077
      ],
      "correction_in_camera_top": [
        0.02659399621188641,
        -0.06907980889081955,
        -0.0033997613936662674
      ],
      "correction_in_robot": [
        -0.003102100221440196,
        0.02102038636803627,
        -0.055418916046619415
      ]
    }
  }
}
