{
  "camera_matrix_parameters": {
    "calibration": {
      "correction_in_camera_bottom": [
        -0.07806139439344406,
        -0.17593009769916534,
        -0.02402173914015293
      ],
      "correction_in_camera_top": [
        -0.10206345468759535,
        -0.1769753098487854,
        0.027354663237929344
      ],
      "correction_in_robot": [
        -0.004255389794707298,
        -0.027352599427103996,
        -0.05487854033708573
      ]
    }
  },
  "player_number": "One"
}
