{
  "camera_matrix_parameters": {
    "vision_bottom": {
      "extrinsic_rotations": [
        -5.853260517120361,
        -4.886634349822998,
        -0.5526718497276306
      ]
    },
    "vision_top": {
      "extrinsic_rotations": [
        -6.620037078857422,
        -4.386328220367432,
        -0.1368570327758789
      ]
    }
  },
  "player_number": "One"
}
