{
  "camera_matrix_parameters": {
    "calibration": {
      "correction_in_camera": [
        -0.024588819593191147,
        0.01939116232097149,
        -0.00039929425111040473
      ],
      "correction_in_robot": [
        -0.008278721012175083,
        0.013898814097046852,
        -0.02329663932323456
      ]
    }
  }
}
