{
  "camera_matrix_parameters": {
    "vision_bottom": {
      "extrinsic_rotations": [
        -2.4453628063201904,
        -0.4561883211135864,
        -1.1265411972999573
      ]
    },
    "vision_top": {
      "extrinsic_rotations": [
        -4.475323677062988,
        -0.3213214874267578,
        -0.0343930721282959
      ]
    }
  }
}
