{
  "camera_matrix_parameters": {
    "vision_bottom": {
      "extrinsic_rotations": [
        -4.735497951507568,
        0.24895727634429932,
        0.2630084753036499
      ]
    },
    "vision_top": {
      "extrinsic_rotations": [
        -4.299747467041016,
        1.2805187702178955,
        -0.4738757014274597
      ]
    }
  },
  "player_number": "Three"
}
