{
  "camera_matrix_parameters": {
    "vision_bottom": {
      "extrinsic_rotations": [
        -2.72135853767395, 3.822335720062256, -0.8703884482383728
      ]
    },
    "vision_top": {
      "extrinsic_rotations": [
        -4.46786642074585, 0.42489588260650635, -0.18990039825439453
      ]
    }
  }
}
