{
  "camera_matrix_parameters": {
    "vision_bottom": {
      "extrinsic_rotations": [
        -0.5506458878517151,
        0.9952729940414428,
        -1.003069281578064
      ]
    },
    "vision_top": {
      "extrinsic_rotations": [
        -2.934561014175415,
        0.5868279933929443,
        -0.6917399168014526
      ]
    }
  },
  "player_number": "Three"
}
