{
  "camera_matrix_parameters": {
    "calibration": {
      "correction_in_camera_bottom": [
        -0.006088137626647949,
        -0.011589353904128076,
        0.015038435347378254
      ],
      "correction_in_camera_top": [
        -0.012824772857129574,
        -0.01966971531510353,
        0.024272456765174866
      ],
      "correction_in_robot": [
        -0.00670295674353838,
        -0.000820462591946125,
        -0.06577397137880325
      ]
    },
    "vision_bottom": {
      "extrinsic_rotations": [
        -0.20000964403152466,
        -5.2102203369140625,
        -1.3170576095581055
      ]
    },
    "vision_top": {
      "extrinsic_rotations": [
        -0.1473364233970642,
        -5.629416465759277,
        -1.989422082901001
      ]
    }
  },
  "player_number": "Three"
}
