{
  "camera_matrix_parameters": {
    "vision_bottom": {
      "extrinsic_rotations": [
        -4.753066539764404,
        -1.7982280254364014,
        0.21456599235534668
      ]
    },
    "vision_top": {
      "extrinsic_rotations": [
        -4.667031288146973,
        -1.9085464477539062,
        -0.7737913727760315
      ]
    }
  }
}
