{
  "camera_matrix_parameters": {
    "vision_bottom": {
      "extrinsic_rotations": [
        -1.094749927520752,
        2.3445475101470947,
        -1.5132218599319458
      ]
    },
    "vision_top": {
      "extrinsic_rotations": [
        -3.2687554359436035,
        2.5932776927948,
        -0.37001699209213257
      ]
    }
  }
}
