{
  "camera_matrix_parameters": {
    "calibration": {
      "correction_in_camera_bottom": [
        0.004129581619054079,
        0.011582953855395315,
        0.0013793082907795906
      ],
      "correction_in_camera_top": [
        0.0032021007500588894,
        0.040101125836372375,
        -0.00756362359970808
      ],
      "correction_in_robot": [
        0.005090957507491112,
        0.0007411910337395966,
        -0.009327743202447891
      ]
    },
    "vision_bottom": {
      "extrinsic_rotations": [
        -4.511622428894043,
        -2.427844524383545,
        0.01938164234161377
      ]
    },
    "vision_top": {
      "extrinsic_rotations": [
        -6.188063621520996,
        -0.9570738673210144,
        1.2032711505889893
      ]
    }
  },
  "player_number": "Six"
}
