{
  "camera_matrix_parameters": {
    "vision_bottom": {
      "extrinsic_rotations": [
        -4.72763204574585,
        0.04452109336853027,
        -0.40836095809936523
      ]
    },
    "vision_top": {
      "extrinsic_rotations": [
        -5.723154544830322,
        1.364361047744751,
        -0.036865174770355225
      ]
    }
  }
}
