{
  "camera_matrix_parameters": {
    "calibration": {
      "correction_in_camera_bottom": [
        -0.015721086412668228,
        0.05381683260202408,
        0.008624468930065632
      ],
      "correction_in_camera_top": [
        -0.008192133158445358,
        0.04436357319355011,
        -0.00807793065905571
      ],
      "correction_in_robot": [
        0.006135853007435799,
        -0.0056844837963581085,
        0.007854079827666283
      ]
    },
    "vision_bottom": {
      "extrinsic_rotations": [
        -4.511622428894043,
        -2.427844524383545,
        0.01938164234161377
      ]
    },
    "vision_top": {
      "extrinsic_rotations": [
        -6.188063621520996,
        -0.9570738673210144,
        1.2032711505889893
      ]
    }
  }
}
