{
  "camera_matrix_parameters": {
    "vision_bottom": {
      "extrinsic_rotations": [
        -1.2881255149841309,
        0.9997737407684326,
        -1.091439127922058
      ]
    },
    "vision_top": {
      "extrinsic_rotations": [
        -2.6279802322387695,
        1.8983620405197144,
        -1.349945068359375
      ]
    }
  }
}
