{
  "camera_matrix_parameters": {
    "vision_bottom": {
      "extrinsic_rotations": [
        -0.38102924823760986,
        -1.1376597881317139,
        -1.082788109779358
      ]
    },
    "vision_top": {
      "extrinsic_rotations": [
        -3.1643271446228027,
        -0.6046959757804871,
        -1.6478393077850342
      ]
    }
  }
}
