{
  "camera_matrix_parameters": {
    "vision_bottom": {
      "extrinsic_rotations": [
        -1.1002501845359802,
        0.28849124908447266,
        0.6322664022445679
      ]
    },
    "vision_top": {
      "extrinsic_rotations": [
        -2.5222465991973877,
        -0.2877822518348694,
        0.8752816915512085
      ]
    }
  },
  "player_number": "One"
}
