{
  "camera_matrix_parameters": {
    "vision_bottom": {
      "extrinsic_rotations": [
        -3.411283493041992,
        -1.2553954124450684,
        0.3223353624343872
      ]
    },
    "vision_top": {
      "extrinsic_rotations": [
        -4.658981800079346,
        -1.7291531562805176,
        1.808822751045227
      ]
    }
  }
}
