{
  "camera_matrix_parameters": {
    "vision_bottom": {
      "extrinsic_rotations": [
        -0.5424311757087708,
        -4.303279876708984,
        1.3379931449890137
      ]
    },
    "vision_top": {
      "extrinsic_rotations": [
        0.1084846258163452,
        -5.050688743591309,
        1.5188026428222656
      ]
    }
  },
  "player_number": "Two"
}
