{
  "camera_matrix_parameters": {
    "vision_bottom": {
      "extrinsic_rotations": [
        -0.8656811714172363,
        -0.02788782119750977,
        -1.4910060167312622
      ]
    },
    "vision_top": {
      "extrinsic_rotations": [
        -3.1228904724121094,
        0.07647693157196045,
        -0.6917399168014526
      ]
    }
  }
}
