{
  "camera_matrix_parameters": {
    "vision_bottom": {
      "extrinsic_rotations": [
        -1.2685141563415527,
        -0.20322471857070923,
        0.8654755353927612
      ]
    },
    "vision_top": {
      "extrinsic_rotations": [
        -2.4543161392211914,
        -0.7497963309288025,
        1.1906325817108154
      ]
    }
  },
  "player_number": "One"
}
