{
  "camera_matrix_parameters": {
    "calibration": {
      "correction_in_camera_bottom": [
        -0.0949261486530304,
        -0.012789168395102024,
        -0.001692574704065919
      ],
      "correction_in_camera_top": [
        -0.1198187619447708,
        0.00048563361633569,
        -0.0028985096141695976
      ],
      "correction_in_robot": [
        -0.003322223201394081,
        -0.0042737992480397224,
        -0.003324765246361494
      ]
    }
  },
  "player_number": "Two"
}
