{
  "camera_matrix_parameters": {
    "vision_bottom": {
      "extrinsic_rotations": [
        -1.6595532894134521,
        0.466344952583313,
        -0.5994334816932678
      ]
    },
    "vision_top": {
      "extrinsic_rotations": [
        -4.46786642074585,
        0.42489588260650635,
        -0.18990039825439453
      ]
    }
  }
}
