{
  "camera_matrix_parameters": {
    "vision_bottom": {
      "extrinsic_rotations": [
        -6.182683944702148,
        -2.2501060962677,
        0.09858012199401855
      ]
    },
    "vision_top": {
      "extrinsic_rotations": [
        -6.871341228485107,
        -1.4087936878204346,
        -0.40609270334243774
      ]
    }
  }
}
