{
  "camera_matrix_parameters": {
    "vision_bottom": {
      "extrinsic_rotations": [
        -3.4302154183387756,
        -0.8107638359069824,
        -0.9564310312271118
      ]
    },
    "vision_top": {
      "extrinsic_rotations": [
        -5.832658290863037,
        -0.278545618057251,
        0.0
      ]
    }
  },
  "player_number": "Two"
}
