{
  "camera_matrix_parameters": {
    "calibration": {
      "correction_in_camera_bottom": [
        -0.001410827855579555,
        -6.477701845142292e-6,
        0.010257686488330364
      ],
      "correction_in_camera_top": [
        -0.003434997284784913,
        0.004110533278435469,
        -0.0006029522628523409
      ],
      "correction_in_robot": [
        -0.0036672113928943872,
        0.0024054667446762323,
        2.503298446754343e-6
      ]
    },
    "vision_bottom": {
      "extrinsic_rotations": [
        -4.72763204574585,
        0.04452109336853027,
        -0.4083609580993652
      ]
    },
    "vision_top": {
      "extrinsic_rotations": [
        -5.723154544830322,
        1.364361047744751,
        -0.036865174770355225
      ]
    }
  }
}
