{
  "camera_matrix_parameters": {
    "calibration": {
      "correction_in_camera_bottom": [
        -0.06719902902841568,
        0.01761411316692829,
        -0.01026628166437149
      ],
      "correction_in_camera_top": [
        -0.11476289480924606,
        -0.01062373537570238,
        0.01433603558689356
      ],
      "correction_in_robot": [
        -0.004233287647366524,
        -0.030156120657920837,
        0.016733800992369652
      ]
    }
  }
}
