{
  "camera_matrix_parameters": {
    "vision_bottom": {
      "extrinsic_rotations": [
        -2.654697597026825,
        -2.1987944841384888,
        -0.6477579474449158
      ]
    },
    "vision_top": {
      "extrinsic_rotations": [
        -4.107958793640137,
        -1.3253599405288696,
        -1.1234146356582642
      ]
    }
  }
}
