{
  "camera_matrix_parameters": {
    "calibration": {
      "correction_in_camera_bottom": [
        -0.01450602151453495,
        -0.013668526895344257,
        0.004506060387939215
      ],
      "correction_in_camera_top": [
        -0.018635882064700127,
        -0.015010055154561996,
        0.004688755609095097
      ],
      "correction_in_robot": [
        -0.0016771594528108835,
        -0.006533142179250717,
        -0.03347624093294144
      ]
    },
    "vision_bottom": {
      "extrinsic_rotations": [
        -3.411283493041992,
        -1.8674371242523191,
        -0.001214146614074707
      ]
    },
    "vision_top": {
      "extrinsic_rotations": [
        -4.412396430969238,
        -2.7017650604248047,
        0.8421331644058228
      ]
    }
  }
}
