{
  "camera_matrix_parameters": {
    "vision_bottom": {
      "extrinsic_rotations": [
        -3.468118667602539,
        -0.8234256505966187,
        -0.36811888217926025
      ]
    },
    "vision_top": {
      "extrinsic_rotations": [
        -5.776129245758057,
        0.0904172658920288,
        0.22047758102416992
      ]
    }
  },
  "player_number": "Seven"
}
