{
  "camera_matrix_parameters": {
    "vision_bottom": {
      "extrinsic_rotations": [
        0.015631914138793945,
        3.077484369277954,
        0.46897709369659424
      ]
    },
    "vision_top": {
      "extrinsic_rotations": [
        -1.410486102104187,
        1.7835348844528198,
        0.5660408735275269
      ]
    }
  }
}
