{
  "camera_matrix_parameters": {
    "vision_bottom": {
      "extrinsic_rotations": [
        -0.9540143609046936,
        0.28849124908447266,
        0.2822381258010864
      ]
    },
    "vision_top": {
      "extrinsic_rotations": [
        -2.8695738315582275,
        0.06579816341400146,
        0.7512152194976807
      ]
    }
  }
}
