{
  "camera_matrix_parameters": {
    "vision_bottom": {
      "extrinsic_rotations": [
        -5.98040246963501,
        -0.30782192945480347,
        0.39614975452423096
      ]
    },
    "vision_top": {
      "extrinsic_rotations": [
        -6.5502448081970215,
        0.970650315284729,
        -0.6690046191215515
      ]
    }
  }
}
