{
  "camera_matrix_parameters": {
    "vision_bottom": {
      "extrinsic_rotations": [
        -3.182794153690338,
        -1.6718342900276184,
        -1.266239583492279
      ]
    },
    "vision_top": {
      "extrinsic_rotations": [
        -4.433116436004639,
        -0.06111055612564087,
        -1.3063162565231323
      ]
    }
  },
  "player_number": "Five"
}
