{
  "camera_matrix_parameters": {
    "vision_bottom": {
      "extrinsic_rotations": [
        -1.8324235081672668,
        1.3017672300338743,
        -0.5421674251556396
      ]
    },
    "vision_top": {
      "extrinsic_rotations": [
        -4.446617126464844,
        2.801783561706543,
        -0.0513043999671936
      ]
    }
  }
}
