{
  "camera_matrix_parameters": {
    "vision_bottom": {
      "extrinsic_rotations": [
        -0.9552642703056335,
        -0.8426669239997864,
        -1.6333678364753723
      ]
    },
    "vision_top": {
      "extrinsic_rotations": [
        -3.026418685913086,
        -1.6980350017547607,
        -0.5342495441436768
      ]
    }
  },
  "player_number": "Four"
}
