{
  "camera_matrix_parameters": {
    "vision_bottom": {
      "extrinsic_rotations": [
        -1.6566002368927002,
        3.932864189147949,
        -0.1541009545326233
      ]
    },
    "vision_top": {
      "extrinsic_rotations": [
        -4.303732395172119,
        2.3040103912353516,
        -0.26065170764923096
      ]
    }
  },
  "player_number": "Five"
}
