{
  "camera_matrix_parameters": {
    "vision_bottom": {
      "extrinsic_rotations": [
        -1.7424649000167847,
        0.9166359901428223,
        -0.5940386652946472
      ]
    },
    "vision_top": {
      "extrinsic_rotations": [
        -5.128908634185791,
        3.198140859603882,
        -0.7375743985176086
      ]
    }
  }
}
