{
  "camera_matrix_parameters": {
    "vision_bottom": {
      "extrinsic_rotations": [
        -1.4062178134918213,
        3.212244033813477,
        -1.0124963521957395
      ]
    },
    "vision_top": {
      "extrinsic_rotations": [
        -3.4089455604553223,
        3.412630081176758,
        -0.5929854512214661
      ]
    }
  },
  "player_number": "Six"
}
