{
  "camera_matrix_parameters": {
    "vision_bottom": {
      "extrinsic_rotations": [
        -4.626957893371582,
        1.169305443763733,
        -0.4329165816307068
      ]
    },
    "vision_top": {
      "extrinsic_rotations": [
        -6.355825901031494,
        2.4949355125427246,
        -0.7075309753417969
      ]
    }
  },
  "player_number": "Six"
}
