{
  "camera_matrix_parameters": {
    "vision_bottom": {
      "extrinsic_rotations": [
        -2.4878552556037903,
        -0.99721759557724,
        -0.24074256420135495
      ]
    },
    "vision_top": {
      "extrinsic_rotations": [
        -4.069729804992676,
        0.0,
        -1.9930126667022705
      ]
    }
  },
  "player_number": "Five"
}
