{
  "camera_matrix_parameters": {
    "calibration": {
      "correction_in_camera_bottom": [
        -0.09322454780340195,
        -0.03957594558596611,
        -0.013631622307002544
      ],
      "correction_in_camera_top": [
        -0.1181497722864151,
        -0.016955789178609848,
        0.014590426348149776
      ],
      "correction_in_robot": [
        0.006239942740648985,
        -0.00473330682143569,
        -0.02046898379921913
      ]
    }
  }
}
