{
  "camera_matrix_parameters": {
    "calibration": {
      "correction_in_camera_bottom": [
        -0.012149496003985405,
        0.018587026745080948,
        -0.004722913261502981
      ],
      "correction_in_camera_top": [
        -0.01629183255136013,
        0.037035729736089706,
        -0.005443116649985313
      ],
      "correction_in_robot": [
        0.004394666291773319,
        -0.0031530580017715693,
        -0.014376740902662275
      ]
    },
    "vision_bottom": {
      "extrinsic_rotations": [
        -3.411283493041992,
        -1.8674371242523191,
        -0.001214146614074707
      ]
    },
    "vision_top": {
      "extrinsic_rotations": [
        -4.412396430969238,
        -2.7017650604248047,
        0.8421331644058228
      ]
    }
  }
}
