{
  "camera_matrix_parameters": {
    "vision_bottom": {
      "extrinsic_rotations": [
        -0.2328801155090332,
        0.10781407356262208,
        -0.7409030199050903
      ]
    },
    "vision_top": {
      "extrinsic_rotations": [
        -2.88857364654541,
        1.4613926410675049,
        -1.265026330947876
      ]
    }
  },
  "player_number": "Two"
}
