{
  "camera_matrix_parameters": {
    "vision_bottom": {
      "extrinsic_rotations": [
        -2.1537084579467773,
        -0.34364014863967896,
        -0.41124433279037476
      ]
    },
    "vision_top": {
      "extrinsic_rotations": [
        -4.951719760894775,
        -0.8972346782684326,
        -0.23798972368240356
      ]
    }
  }
}
