{
  "camera_matrix_parameters": {
    "calibration": {
      "correction_in_camera_bottom": [
        0.022883262485265732,
        0.12201879173517227,
        0.05248818174004555
      ],
      "correction_in_camera_top": [
        0.015955813229084015,
        0.11801651120185852,
        0.01588665135204792
      ],
      "correction_in_robot": [
        -0.008178805001080036,
        0.0058452170342206955,
        0.05988682433962822
      ]
    },
    "vision_bottom": {
      "extrinsic_rotations": [
        -0.9637901186943054,
        1.830570101737976,
        -0.9879335761070251
      ]
    },
    "vision_top": {
      "extrinsic_rotations": [
        -2.891505241394043,
        4.0365118980407715,
        -0.8275419473648071
      ]
    }
  }
}
