{
  "camera_matrix_parameters": {
    "vision_bottom": {
      "extrinsic_rotations": [
        -4.565185070037842,
        -0.3502705693244934,
        -0.3200814127922058
      ]
    },
    "vision_top": {
      "extrinsic_rotations": [
        -6.378819465637207,
        1.161471605300903,
        -0.7613387703895569
      ]
    }
  },
  "player_number": "Three"
}
