{
  "camera_matrix_parameters": {
    "vision_bottom": {
      "extrinsic_rotations": [
        -3.8449547290802,
        0.8310127258300781,
        -0.8390218019485474
      ]
    },
    "vision_top": {
      "extrinsic_rotations": [
        -5.334465980529785,
        1.0237079858779907,
        -0.3370177745819092
      ]
    }
  },
  "player_number": "Three"
}
