{
  "camera_matrix_parameters": {
    "calibration": {
      "correction_in_camera_bottom": [
        0.013223919086158276,
        0.10537194460630415,
        0.010329619981348516
      ],
      "correction_in_camera_top": [
        0.006693211384117603,
        0.08100870251655579,
        -0.0034083686769008636
      ],
      "correction_in_robot": [
        -0.0033643515780568123,
        -0.002607391914352774,
        0.0426158495247364
      ]
    },
    "vision_bottom": {
      "extrinsic_rotations": [
        -4.72763204574585,
        0.04452109336853027,
        -0.4083609580993652
      ]
    },
    "vision_top": {
      "extrinsic_rotations": [
        -5.723154544830322,
        1.364361047744751,
        -0.036865174770355225
      ]
    }
  },
  "player_number": "Two"
}
