{
  "camera_matrix_parameters": {
    "vision_bottom": {
      "extrinsic_rotations": [
        -3.641469717025757,
        4.0262227058410645,
        1.6604483127593994
      ]
    },
    "vision_top": {
      "extrinsic_rotations": [
        -4.234432220458984,
        3.635092258453369,
        1.8049389123916626
      ]
    }
  }
}
