{
  "camera_matrix_parameters": {
    "vision_bottom": {
      "extrinsic_rotations": [
        -1.6762402653694153,
        0.3115135431289673,
        -1.0232242941856384
      ]
    },
    "vision_top": {
      "extrinsic_rotations": [
        -4.288017272949219,
        1.6952812671661377,
        -0.27527689933776855
      ]
    }
  }
}
