{
  "camera_matrix_parameters": {
    "vision_bottom": {
      "extrinsic_rotations": [
        -1.742464900016785,
        0.9166359901428224,
        -0.5940386652946472
      ]
    },
    "vision_top": {
      "extrinsic_rotations": [
        -5.128908634185791,
        3.198140859603882,
        -0.7375743985176086
      ]
    }
  },
  "player_number": "Four"
}
