{
  "camera_matrix_parameters": {
    "calibration": {
      "correction_in_camera_bottom": [
        0.0536062978208065,
        -0.16163018345832825,
        0.006612020544707775
      ],
      "correction_in_camera_top": [
        0.034269195050001144,
        -0.1567796766757965,
        0.019474470987915993
      ],
      "correction_in_robot": [
        -0.014227788895368576,
        0.014194781892001627,
        -0.04682931303977966
      ]
    },
    "vision_bottom": {
      "extrinsic_rotations": [
        -1.4062178134918213,
        3.212244033813477,
        -1.0124963521957395
      ]
    },
    "vision_top": {
      "extrinsic_rotations": [
        -3.4089455604553223,
        3.412630081176758,
        -0.5929854512214661
      ]
    }
  },
  "player_number": "Five"
}
