{
  "camera_matrix_parameters": {
    "vision_bottom": {
      "extrinsic_rotations": [
        -3.209085166454315,
        -0.7404166460037231,
        -0.11653482913970949
      ]
    },
    "vision_top": {
      "extrinsic_rotations": [
        -3.964707136154175,
        0.1772153377532959,
        -0.9136542677879332
      ]
    }
  },
  "player_number": "Five"
}
