{
  "camera_matrix_parameters": {
    "calibration": {
      "correction_in_camera_bottom": [
        -0.09900617599487305,
        0.016189787536859512,
        0.018445635214447975
      ],
      "correction_in_camera_top": [
        -0.11843543499708176,
        0.02920142002403736,
        0.01780322566628456
      ],
      "correction_in_robot": [
        0.003386762458831072,
        -0.00591265968978405,
        -0.002681397832930088
      ]
    }
  }
}
