{
  "camera_matrix_parameters": {
    "calibration": {
      "correction_in_camera_bottom": [
        -0.000753441418055445,
        -0.006035046186298132,
        0.000977063667960465
      ],
      "correction_in_camera_top": [
        -0.03632468730211258,
        0.025386467576026917,
        -0.003724499838426709
      ],
      "correction_in_robot": [
        -0.008533935993909836,
        0.007357058115303516,
        0.00314823305234313
      ]
    }
  }
}
