{
  "camera_matrix_parameters": {
    "calibration": {
      "correction_in_camera_bottom": [
        0.009667310863733292,
        0.011257811449468136,
        0.007830399088561535
      ],
      "correction_in_camera_top": [
        0.008614837191998959,
        0.01979968696832657,
        0.0029171803034842014
      ],
      "correction_in_robot": [
        -0.00008927343878895044,
        0.006759887095540762,
        0.011455070227384567
      ]
    },
    "vision_bottom": {
      "extrinsic_rotations": [
        -5.737607955932617,
        -1.7550373077392578,
        -0.2891528606414795
      ]
    },
    "vision_top": {
      "extrinsic_rotations": [
        -6.703361511230469,
        -1.272653579711914,
        -0.6644251942634583
      ]
    }
  },
  "player_number": "Four"
}
