{
  "camera_matrix_parameters": {
    "vision_bottom": {
      "extrinsic_rotations": [
        -1.6762402057647705,
        5.219859480857849,
        0.12676477432250977
      ]
    },
    "vision_top": {
      "extrinsic_rotations": [
        -4.288017272949219,
        4.8773627281188965,
        0.10303258895874023
      ]
    }
  }
}
