{
  "camera_matrix_parameters": {
    "calibration": {
      "correction_in_camera_bottom": [
        -0.03436824306845665,
        -0.044370345771312714,
        -0.01661072112619877
      ],
      "correction_in_camera_top": [
        -0.04980349540710449,
        -0.0438280925154686,
        -0.0054104826413095
      ],
      "correction_in_robot": [
        0.0028258103411644697,
        -0.013789676129817964,
        -0.03283096104860306
      ]
    }
  }
}
