{
  "camera_matrix_parameters": {
    "vision_bottom": {
      "extrinsic_rotations": [
        -3.6187219619750977,
        -0.8139878511428833,
        0.9175640344619752
      ]
    },
    "vision_top": {
      "extrinsic_rotations": [
        -4.764617919921875,
        -1.7037651538848877,
        1.8840068578720093
      ]
    }
  },
  "player_number": "Two"
}
