{
  "camera_matrix_parameters": {
    "vision_bottom": {
      "extrinsic_rotations": [
        -0.25799453258514404,
        0.9106528759002686,
        -0.9874731302261353
      ]
    },
    "vision_top": {
      "extrinsic_rotations": [
        -3.1850481033325195,
        1.9476807117462158,
        -1.038358211517334
      ]
    }
  }
}
