{
  "camera_matrix_parameters": {
    "vision_bottom": {
      "extrinsic_rotations": [
        -0.31634777784347534,
        1.169031858444214,
        -0.3767466545104981
      ]
    },
    "vision_top": {
      "extrinsic_rotations": [
        -3.3375567197799683,
        2.329537868499756,
        0.0392228364944458
      ]
    }
  },
  "player_number": "One"
}
