{
  "camera_matrix_parameters": {
    "vision_bottom": {
      "extrinsic_rotations": [
        -2.824523448944092,
        -1.0652902722358704,
        0.0
      ]
    },
    "vision_top": {
      "extrinsic_rotations": [
        -2.525799512863159,
        -0.562916100025177,
        -0.5671799182891846
      ]
    }
  }
}
