{
  "camera_matrix_parameters": {
    "calibration": {
      "correction_in_camera_bottom": [
        0.00005923857315792702,
        -0.00006941297033336014,
        -0.00004941884253639728
      ],
      "correction_in_camera_top": [
        0.0,
        -0.0,
        0.0
      ],
      "correction_in_robot": [
        -0.0010264560114592314,
        0.003284152364358306,
        0.004895264748483896
      ]
    },
    "vision_bottom": {
      "extrinsic_rotations": [
        -4.364545822143555,
        2.4916343688964844,
        -0.49371421337127686
      ]
    },
    "vision_top": {
      "extrinsic_rotations": [
        -5.2745442390441895,
        2.724655866622925,
        0.9097552299499512
      ]
    }
  }
}
