{
  "camera_matrix_parameters": {
    "calibration": {
      "correction_in_camera_bottom": [
        0.013223919086158276,
        0.10537194460630415,
        0.010329619981348516
      ],
      "correction_in_camera_top": [
        0.006693211384117603,
        0.08100870251655579,
        -0.0034083686769008636
      ],
      "correction_in_robot": [
        -0.0033643515780568123,
        -0.002607391914352774,
        0.0426158495247364
      ]
    },
    "vision_bottom": {
      "extrinsic_rotations": [
        -5.724810600280762,
        -1.30079448223114,
        -0.4083609580993652
      ]
    },
    "vision_top": {
      "extrinsic_rotations": [
        -6.809818267822266,
        0.5517286062240601,
        -0.036865174770355225
      ]
    }
  },
  "player_number": "Two"
}
