{
  "camera_matrix_parameters": {
    "vision_bottom": {
      "extrinsic_rotations": [
        -3.792036533355713,
        -0.3751435875892639,
        0.8493250608444214
      ]
    },
    "vision_top": {
      "extrinsic_rotations": [
        -6.169203281402588,
        -0.28863340616226196,
        1.4724773168563845
      ]
    }
  },
  "player_number": "Six"
}
