{
  "camera_matrix_parameters": {
    "vision_bottom": {
      "extrinsic_rotations": [
        -1.804853081703186,
        0.0,
        0.1075798273086548
      ]
    },
    "vision_top": {
      "extrinsic_rotations": [
        -2.446500062942505,
        -1.6906633377075195,
        0.0
      ]
    }
  },
  "player_number": "Five"
}
