{
  "camera_matrix_parameters": {
    "vision_bottom": {
      "extrinsic_rotations": [
        -4.891900539398193,
        -0.7363191246986389,
        0.841677188873291
      ]
    },
    "vision_top": {
      "extrinsic_rotations": [
        -6.049344062805176,
        4.273078918457031,
        1.9293290376663208
      ]
    }
  },
  "player_number": "One"
}
