{
  "camera_matrix_parameters": {
    "vision_bottom": {
      "extrinsic_rotations": [
        -5.823334217071533,
        2.5707240104675293,
        0.8289295434951782
      ]
    },
    "vision_top": {
      "extrinsic_rotations": [
        -6.703361511230469,
        3.664271354675293,
        -0.6644251942634583
      ]
    }
  }
}
