{
  "camera_matrix_parameters": {
    "vision_bottom": {
      "extrinsic_rotations": [
        -0.31634777784347534,
        1.1690318584442139,
        -0.37674665451049805
      ]
    },
    "vision_top": {
      "extrinsic_rotations": [
        -3.3375567197799683,
        2.329537868499756,
        0.0392228364944458
      ]
    }
  }
}
