{
  "camera_matrix_parameters": {
    "calibration": {
      "correction_in_camera": [
        0.006704454310238361,
        -0.03156580030918121,
        0.0019963725935667753
      ],
      "correction_in_robot": [
        -0.004059391561895609,
        0.002274418482556939,
        0.011587307788431644
      ]
    }
  }
}
