{
  "camera_matrix_parameters": {
    "vision_bottom": {
      "extrinsic_rotations": [
        -1.9149917364120483,
        -0.2053561806678772,
        -0.4188117384910583
      ]
    },
    "vision_top": {
      "extrinsic_rotations": [
        -4.8942766189575195,
        0.10956823825836182,
        -0.7551965117454529
      ]
    }
  },
  "player_number": "Six"
}
