{
  "camera_matrix_parameters": {
    "vision_bottom": {
      "extrinsic_rotations": [
        -1.7035255432128906,
        1.7979472875595093,
        -0.434110164642334
      ]
    },
    "vision_top": {
      "extrinsic_rotations": [
        -4.605216979980469,
        3.724120259284973,
        -0.19867658615112305
      ]
    }
  }
}
