{
  "camera_matrix_parameters": {
    "vision_bottom": {
      "extrinsic_rotations": [
        -1.094749927520752,
        6.574273109436035,
        -0.9893721342086792
      ]
    },
    "vision_top": {
      "extrinsic_rotations": [
        -3.026418685913086,
        5.58524227142334,
        -0.7207059860229492
      ]
    }
  },
  "player_number": "Five"
}
