{
  "camera_matrix_parameters": {
    "vision_bottom": {
      "extrinsic_rotations": [
        -6.089547157287598,
        -1.685722827911377,
        0.1956009864807129
      ]
    },
    "vision_top": {
      "extrinsic_rotations": [
        -6.990948677062988,
        -0.9140843152999878,
        -0.40609270334243774
      ]
    }
  }
}
