{
  "camera_matrix_parameters": {
    "vision_bottom": {
      "extrinsic_rotations": [
        -3.881428241729736,
        2.99718976020813,
        -0.3210371732711792
      ]
    },
    "vision_top": {
      "extrinsic_rotations": [
        -4.7881178855896,
        2.8577756881713867,
        -0.04178255796432495
      ]
    }
  }
}
