{
  "camera_matrix_parameters": {
    "vision_bottom": {
      "extrinsic_rotations": [
        -4.421074390411377,
        2.149552822113037,
        -0.05958080291748047
      ]
    },
    "vision_top": {
      "extrinsic_rotations": [
        -6.204898834228516,
        3.3658576011657715,
        -0.7146307826042175
      ]
    }
  }
}
