{
  "camera_matrix_parameters": {
    "vision_bottom": {
      "extrinsic_rotations": [
        -3.4162840843200684,
        0.9697026014328004,
        0.9793853759765624
      ]
    },
    "vision_top": {
      "extrinsic_rotations": [
        -4.339620113372803,
        0.3406637907028198,
        1.5072226524353027
      ]
    }
  },
  "player_number": "Two"
}
