{
  "camera_matrix_parameters": {
    "calibration": {
      "correction_in_camera_bottom": [
        -0.10368392616510391,
        -0.003960703499615192,
        0.002437632530927658
      ],
      "correction_in_camera_top": [
        -0.1259659379720688,
        0.04262328147888184,
        0.00745292566716671
      ],
      "correction_in_robot": [
        -0.003809259971603751,
        -0.005219088867306709,
        -0.010989032685756683
      ]
    }
  }
}
