{
  "camera_matrix_parameters": {
    "vision_bottom": {
      "extrinsic_rotations": [
        -0.27064740657806396,
        0.2534472942352295,
        -0.060106515884399414
      ]
    },
    "vision_top": {
      "extrinsic_rotations": [
        -0.2383366227149963,
        0.33352911472320557,
        -0.8207997679710388
      ]
    }
  }
}
