{
  "camera_matrix_parameters": {
    "calibration": {
      "correction_in_camera_bottom": [
        0.012551471590995789,
        0.021821679547429085,
        -0.0015285983681678772
      ],
      "correction_in_camera_top": [
        0.01406023371964693,
        0.0020403715316206217,
        0.0032422994263470173
      ],
      "correction_in_robot": [
        0.003517276607453823,
        0.00569284800440073,
        -0.031862370669841766
      ]
    },
    "vision_bottom": {
      "extrinsic_rotations": [
        -4.655337810516357,
        -8.047746658325195,
        -0.24904131889343264
      ]
    },
    "vision_top": {
      "extrinsic_rotations": [
        -5.943511486053467,
        -5.943026065826416,
        0.5689626932144165
      ]
    }
  },
  "player_number": "Two"
}
