{
  "camera_matrix_parameters": {
    "calibration": {
      "correction_in_camera_bottom": [
        -0.008654654026031494,
        0.05022020637989044,
        0.034114476293325424
      ],
      "correction_in_camera_top": [
        -0.01703185774385929,
        0.03215232118964195,
        0.006655038800090551
      ],
      "correction_in_robot": [
        -0.008828849531710148,
        -0.008009450510144234,
        0.05419590696692467
      ]
    },
    "vision_bottom": {
      "extrinsic_rotations": [
        0.5848163366317749,
        1.0660958290100098,
        -0.8569559454917908
      ]
    },
    "vision_top": {
      "extrinsic_rotations": [
        -1.2892045974731443,
        3.788731098175049,
        0.5328315496444702
      ]
    }
  },
  "player_number": "Six"
}
