{
  "camera_matrix_parameters": {
    "vision_bottom": {
      "extrinsic_rotations": [
        1.0287988185882568,
        2.8031623363494873,
        0.2115708589553833
      ]
    },
    "vision_top": {
      "extrinsic_rotations": [
        -1.2892045974731445,
        3.788731098175049,
        0.5328315496444702
      ]
    }
  }
}
