{
  "camera_matrix_parameters": {
    "vision_bottom": {
      "extrinsic_rotations": [
        -0.9637901186943054,
        0.7536417245864868,
        -0.9879335761070251
      ]
    },
    "vision_top": {
      "extrinsic_rotations": [
        -2.8752171993255615,
        1.763572096824646,
        -0.8275419473648071
      ]
    }
  }
}
