{
  "camera_matrix_parameters": {
    "calibration": {
      "correction_in_camera_bottom": [
        0.043893005698919296,
        -0.09549418836832048,
        0.009923883713781834
      ],
      "correction_in_camera_top": [
        0.02929781563580036,
        -0.09220149368047714,
        0.03311292454600334
      ],
      "correction_in_robot": [
        -0.010544112883508204,
        0.007667018100619316,
        -0.0467318557202816
      ]
    },
    "vision_bottom": {
      "extrinsic_rotations": [
        -0.7878291606903076,
        3.198410987854004,
        -1.0068261623382568
      ]
    },
    "vision_top": {
      "extrinsic_rotations": [
        -2.6038661003112793,
        1.6063177585601807,
        -1.197566032409668
      ]
    }
  },
  "player_number": "Three"
}
