{
  "camera_matrix_parameters": {
    "calibration": {
      "correction_in_camera_bottom": [
        -0.014850498177111149,
        -0.0671933963894844,
        -0.02714350633323193
      ],
      "correction_in_camera_top": [
        -0.018040619790554047,
        -0.05136433243751526,
        -0.0007564551196992397
      ],
      "correction_in_robot": [
        0.000618702033534646,
        -0.003974707331508398,
        -0.037841103971004486
      ]
    },
    "vision_bottom": {
      "extrinsic_rotations": [
        -2.9654440879821777,
        1.8983995914459229,
        2.050107002258301
      ]
    },
    "vision_top": {
      "extrinsic_rotations": [
        -4.029576301574707,
        -0.07257521152496338,
        1.8314051628112793
      ]
    }
  },
  "player_number": "Six"
}
