{
  "camera_matrix_parameters": {
    "calibration": {
      "correction_in_camera_bottom": [
        0.056849636137485504,
        0.09741277247667313,
        0.04808017984032631
      ],
      "correction_in_camera_top": [
        0.03413042053580284,
        0.15185458958148956,
        -0.01109235268086195
      ],
      "correction_in_robot": [
        -0.007646474987268448,
        0.017142781987786293,
        0.05295903980731964
      ]
    },
    "vision_bottom": {
      "extrinsic_rotations": [
        -2.72135853767395,
        3.822335720062256,
        -0.8703884482383728
      ]
    },
    "vision_top": {
      "extrinsic_rotations": [
        -4.46786642074585,
        0.42489588260650635,
        -0.18990039825439453
      ]
    }
  }
}
