{
  "camera_matrix_parameters": {
    "vision_bottom": {
      "extrinsic_rotations": [
        -4.129597842693329,
        0.6980431079864502,
        0.8230787515640259
      ]
    },
    "vision_top": {
      "extrinsic_rotations": [
        -5.857750415802002,
        1.9117891788482664,
        1.736555099487305
      ]
    }
  },
  "player_number": "Five"
}
