{
  "camera_matrix_parameters": {
    "vision_bottom": {
      "extrinsic_rotations": [
        -4.511622428894043,
        -2.427844524383545,
        0.01938164234161377
      ]
    },
    "vision_top": {
      "extrinsic_rotations": [
        -6.188063621520996,
        -0.9570738673210144,
        1.2032711505889893
      ]
    }
  }
}
