{
  "camera_matrix_parameters": {
    "calibration": {
      "correction_in_camera_bottom": [
        -0.10597836971282959,
        -0.016463628038764,
        0.0017265195492655039
      ],
      "correction_in_camera_top": [
        -0.1467856466770172,
        0.003114550141617656,
        0.02974674478173256
      ],
      "correction_in_robot": [
        -0.016022460535168648,
        -0.003797414712607861,
        0.0053642140701413155
      ]
    }
  }
}
