{
  "camera_matrix_parameters": {
    "vision_bottom": {
      "extrinsic_rotations": [
        0.4701054096221924,
        -3.833173513412475,
        0.7232397794723511
      ]
    },
    "vision_top": {
      "extrinsic_rotations": [
        0.03616154193878174,
        -5.822083473205566,
        1.244167685508728
      ]
    }
  }
}
