{
  "camera_matrix_parameters": {
    "vision_bottom": {
      "extrinsic_rotations": [
        1.6554075479507446,
        -3.2655904293060303,
        1.3659381866455078
      ]
    },
    "vision_top": {
      "extrinsic_rotations": [
        2.8132903575897217,
        -4.4234724044799805,
        1.6192245483398438
      ]
    }
  }
}
