{
  "camera_matrix_parameters": {
    "calibration": {
      "correction_in_camera_bottom": [
        -0.01366956252604723,
        0.05212680250406265,
        0.023377077654004097
      ],
      "correction_in_camera_top": [
        -0.01124974898993969,
        0.07422872632741928,
        0.010108418762683868
      ],
      "correction_in_robot": [
        -0.004444631282240152,
        -0.005436881445348263,
        0.01948039792478085
      ]
    },
    "vision_bottom": {
      "extrinsic_rotations": [
        -4.459723949432373,
        -1.5433313846588137,
        -1.2221771478652954
      ]
    },
    "vision_top": {
      "extrinsic_rotations": [
        -5.9292778968811035,
        -1.461201310157776,
        -1.0342803001403809
      ]
    }
  }
}
