{
  "camera_matrix_parameters": {
    "vision_bottom": {
      "extrinsic_rotations": [0.0, 1.0669934749603271, -0.004975497722625732]
    },
    "vision_top": {
      "extrinsic_rotations": [
        -1.8400973081588745, 2.4051421880722046, 0.2623414993286133
      ]
    }
  }
}
