{
  "camera_matrix_parameters": {
    "calibration": {
      "correction_in_camera_bottom": [
        -0.10600515455007553,
        0.018489593639969826,
        0.014701789245009422
      ],
      "correction_in_camera_top": [
        -0.11114739626646042,
        0.02681239508092403,
        -0.0019957327749580145
      ],
      "correction_in_robot": [
        -0.00414191372692585,
        -0.0291622094810009,
        -0.0026497726794332266
      ]
    }
  }
}
