{
  "camera_matrix_parameters": {
    "vision_bottom": {
      "extrinsic_rotations": [
        -3.2184648513793945,
        0.7779335975646973,
        -0.028139948844909668
      ]
    },
    "vision_top": {
      "extrinsic_rotations": [
        -4.107958793640137,
        1.6883182525634766,
        -0.9136542677879332
      ]
    }
  },
  "player_number": "Three"
}
