{
  "camera_matrix_parameters": {
    "calibration": {
      "correction_in_camera_bottom": [
        -0.1058850884437561,
        0.00761448685079813,
        0.002144772792235017
      ],
      "correction_in_camera_top": [
        -0.12709422409534454,
        0.024628430604934692,
        -0.006684711668640375
      ],
      "correction_in_robot": [
        -0.0017642907332628963,
        -0.007364503107964992,
        0.015242320485413074
      ]
    }
  },
  "player_number": "Three"
}
