{
  "camera_matrix_parameters": {
    "vision_bottom": {
      "extrinsic_rotations": [
        -0.060376524925231934,
        -0.5646622180938721,
        -0.6563767790794373
      ]
    },
    "vision_top": {
      "extrinsic_rotations": [
        -0.4398840665817261,
        -0.9835579991340636,
        -1.308727502822876
      ]
    }
  },
  "player_number": "Two"
}
