{
  "camera_matrix_parameters": {
    "vision_bottom": {
      "extrinsic_rotations": [
        -0.9945693612098694,
        5.0048089027404785,
        -1.5770807266235352
      ]
    },
    "vision_top": {
      "extrinsic_rotations": [
        -3.026418685913086,
        4.194758415222168,
        -0.22016823291778564
      ]
    }
  },
  "player_number": "Four"
}
