{
  "camera_matrix_parameters": {
    "vision_bottom": {
      "extrinsic_rotations": [
        -1.382773518562317,
        0.9237420558929444,
        -0.9444934129714966
      ]
    },
    "vision_top": {
      "extrinsic_rotations": [
        -2.489560127258301,
        1.496320366859436,
        -1.5922504663467407
      ]
    }
  },
  "player_number": "One"
}
