{
  "camera_matrix_parameters": {
    "calibration": {
      "correction_in_camera_bottom": [
        -0.057629406452178955,
        0.1825975775718689,
        0.05168338492512703
      ],
      "correction_in_camera_top": [
        -0.08208109438419342,
        0.2121785432100296,
        0.042137835174798965
      ],
      "correction_in_robot": [
        -0.005732168909162283,
        0.012527276761829851,
        0.1052154079079628
      ]
    }
  }
}
