{
  "camera_matrix_parameters": {
    "vision_bottom": {
      "extrinsic_rotations": [
        -0.4714089632034302,
        2.6275885105133057,
        -0.05077689886093139
      ]
    },
    "vision_top": {
      "extrinsic_rotations": [
        -2.88857364654541,
        3.5942726135253906,
        -1.3512763977050781
      ]
    }
  }
}
