{
  "camera_matrix_parameters": {
    "vision_bottom": {
      "extrinsic_rotations": [
        -0.4215538501739502,
        -2.6187918186187744,
        1.3659381866455078
      ]
    },
    "vision_top": {
      "extrinsic_rotations": [
        0.8559107780456543,
        -2.7720870971679688,
        0.9070086479187012
      ]
    }
  },
  "player_number": "Four"
}
