{
  "camera_matrix_parameters": {
    "vision_bottom": {
      "extrinsic_rotations": [
        -4.739768981933594,
        1.971403956413269,
        0.6792354583740234
      ]
    },
    "vision_top": {
      "extrinsic_rotations": [
        -4.132087707519531,
        2.4408602714538574,
        -0.560128390789032
      ]
    }
  },
  "player_number": "Three"
}
