{
  "camera_matrix_parameters": {
    "vision_bottom": {
      "extrinsic_rotations": [
        -5.880221843719482,
        2.9399800300598145,
        0.477181077003479
      ]
    },
    "vision_top": {
      "extrinsic_rotations": [
        -6.620037078857422,
        4.084702014923096,
        -0.2515384554862976
      ]
    }
  }
}
