{
  "camera_matrix_parameters": {
    "calibration": {
      "correction_in_camera_bottom": [
        -0.010902955196797848,
        0.11037177592515944,
        0.04070163145661354
      ],
      "correction_in_camera_top": [
        -0.022766107693314552,
        0.11707307398319244,
        0.003252533031627536
      ],
      "correction_in_robot": [
        -0.004245999734848738,
        -0.010502387769520284,
        0.06928836554288864
      ]
    },
    "vision_bottom": {
      "extrinsic_rotations": [
        -4.364545822143555,
        2.4916343688964844,
        -0.49371421337127686
      ]
    },
    "vision_top": {
      "extrinsic_rotations": [
        -5.2745442390441895,
        2.724655866622925,
        0.9097552299499512
      ]
    }
  }
}
