{
  "camera_matrix_parameters": {
    "vision_bottom": {
      "extrinsic_rotations": [
        -0.33959001302719116,
        2.0362095832824707,
        -0.3329542279243469
      ]
    },
    "vision_top": {
      "extrinsic_rotations": [
        -0.6898820400238037,
        2.3968095779418945,
        -1.1831992864608765
      ]
    }
  },
  "player_number": "Four"
}
