{
  "camera_matrix_parameters": {
    "calibration": {
      "correction_in_camera_bottom": [
        0.02226947993040085,
        -0.04587629064917565,
        0.00538888992741704
      ],
      "correction_in_camera_top": [
        0.022340478375554085,
        -0.04786725714802742,
        0.01810657419264317
      ],
      "correction_in_robot": [
        -0.003391306847333908,
        0.015804912894964218,
        -0.04112641885876656
      ]
    }
  },
  "player_number": "Five"
}
