{
  "camera_matrix_parameters": {
    "calibration": {
      "correction_in_camera": [
        -0.046262938529253006,
        0.01844443753361702,
        0.010650336742401125
      ],
      "correction_in_robot": [
        -0.0019594808109104633,
        -0.00880333874374628,
        -0.01919842883944511
      ]
    }
  }
}
