{
  "camera_matrix_parameters": {
    "calibration": {
      "correction_in_camera_bottom": [
        0.025569520890712738,
        -0.046085428446531296,
        -0.0028732270002365112
      ],
      "correction_in_camera_top": [
        0.025491176173090935,
        -0.03958789259195328,
        0.01695910654962063
      ],
      "correction_in_robot": [
        -0.004489668179303408,
        0.01554692815989256,
        -0.05091011896729469
      ]
    },
    "vision_bottom": {
      "extrinsic_rotations": [
        -5.737607955932617,
        -1.7550373077392578,
        -0.2891528606414795
      ]
    },
    "vision_top": {
      "extrinsic_rotations": [
        -6.703361511230469,
        -1.272653579711914,
        -0.6644251942634583
      ]
    }
  }
}
