{
  "camera_matrix_parameters": {
    "calibration": {
      "correction_in_camera_bottom": [
        -0.09947752952575684,
        -0.010931826196610928,
        0.004612352233380079
      ],
      "correction_in_camera_top": [
        -0.12155185639858246,
        0.007305860053747892,
        0.013878130353987215
      ],
      "correction_in_robot": [
        -0.007548284716904163,
        -0.016385840252041817,
        -0.004293747711926699
      ]
    }
  }
}
