{
  "camera_matrix_parameters": {
    "vision_bottom": {
      "extrinsic_rotations": [
        -4.565185070037842,
        -1.7492303848266602,
        -0.7746291160583496
      ]
    },
    "vision_top": {
      "extrinsic_rotations": [
        -6.021484851837158,
        -0.11995911598205566,
        -1.058863639831543
      ]
    }
  }
}
