{
  "camera_matrix_parameters": {
    "vision_bottom": {
      "extrinsic_rotations": [
        -1.8919694423675537,
        1.320240497589111,
        -0.7560494542121887
      ]
    },
    "vision_top": {
      "extrinsic_rotations": [
        -4.325251579284668,
        3.122250556945801,
        0.055707693099975586
      ]
    }
  }
}
