{
  "camera_matrix_parameters": {
    "calibration": {
      "correction_in_camera_bottom": [
        -0.1058850884437561,
        0.00761448685079813,
        0.002144772792235017
      ],
      "correction_in_camera_top": [
        -0.13573546707630157,
        -0.002812899649143219,
        -0.0004975463962182403
      ],
      "correction_in_robot": [
        -0.006886176764965057,
        -0.01280375011265278,
        0.02023433148860931
      ]
    }
  }
}
