{
  "camera_matrix_parameters": {
    "vision_bottom": {
      "extrinsic_rotations": [
        -0.39778321981430054,
        -2.8929617404937744,
        1.5188026428222656
      ]
    },
    "vision_top": {
      "extrinsic_rotations": [
        0.4163646697998047,
        -3.977821350097656,
        0.07232308387756348
      ]
    }
  }
}
