{
  "camera_matrix_parameters": {
    "vision_bottom": {
      "extrinsic_rotations": [
        -5.853260517120361,
        -0.2479308843612671,
        0.22921085357666016
      ]
    },
    "vision_top": {
      "extrinsic_rotations": [
        -6.620037078857422,
        0.902109146118164,
        -0.4795718193054199
      ]
    }
  },
  "player_number": "One"
}
