{
  "camera_matrix_parameters": {
    "vision_bottom": {
      "extrinsic_rotations": [
        -3.7042431831359863,
        4.5806427001953125,
        1.1136245727539062
      ]
    },
    "vision_top": {
      "extrinsic_rotations": [
        -4.110447883605957,
        4.721715927124023,
        -1.4346160888671875
      ]
    }
  }
}
