{
  "camera_matrix_parameters": {
    "calibration": {
      "correction_in_camera_bottom": [
        0.018762359395623207,
        -0.08137381076812744,
        0.007228892296552658
      ],
      "correction_in_camera_top": [
        0.006704454310238361,
        -0.03156580030918121,
        0.0019963725935667753
      ],
      "correction_in_robot": [
        -0.004059391561895609,
        0.002274418482556939,
        0.011587307788431644
      ]
    },
    "vision_bottom": {
      "extrinsic_rotations": [
        -2.72135853767395,
        3.822335720062256,
        -0.8703884482383728
      ]
    },
    "vision_top": {
      "extrinsic_rotations": [
        -4.46786642074585,
        0.42489588260650635,
        -0.18990039825439453
      ]
    }
  }
}
