{
  "camera_matrix_parameters": {
    "calibration": {
      "correction_in_camera_bottom": [
        -0.09367820620536804,
        -0.012467490509152412,
        0.01040805596858263
      ],
      "correction_in_camera_top": [
        -0.114567369222641,
        0.01626705192029476,
        0.020472249016165733
      ],
      "correction_in_robot": [
        -0.009178660809993744,
        -0.007545669097453356,
        -0.014830652624368668
      ]
    }
  },
  "player_number": "Five"
}
