{
  "camera_matrix_parameters": {
    "vision_bottom": {
      "extrinsic_rotations": [
        -0.4524931311607361,
        0.6353920698165894,
        -0.4027533531188965
      ]
    },
    "vision_top": {
      "extrinsic_rotations": [
        -3.337556838989258,
        2.329537868499756,
        0.0392228364944458
      ]
    }
  },
  "player_number": "One"
}
