{
  "camera_matrix_parameters": {
    "calibration": {
      "correction_in_camera_bottom": [
        0.02998785302042961,
        -0.06268896907567978,
        0.00975126400589943
      ],
      "correction_in_camera_top": [
        0.011807647533714771,
        0.011084837839007378,
        0.0017125135054811835
      ],
      "correction_in_robot": [
        -0.003005310194566846,
        0.0032433648593723774,
        0.006503313314169645
      ]
    },
    "vision_bottom": {
      "extrinsic_rotations": [
        -2.72135853767395,
        3.822335720062256,
        -0.8703884482383728
      ]
    },
    "vision_top": {
      "extrinsic_rotations": [
        -4.46786642074585,
        0.42489588260650635,
        -0.18990039825439453
      ]
    }
  }
}
