{
  "camera_matrix_parameters": {
    "vision_bottom": {
      "extrinsic_rotations": [
        -0.12957215309143066,
        -2.2419307231903076,
        -0.7475996017456055
      ]
    },
    "vision_top": {
      "extrinsic_rotations": [
        -0.12679696083068848,
        -1.54532790184021,
        -1.0620770454406738
      ]
    }
  },
  "player_number": "One"
}
