{
  "camera_matrix_parameters": {
    "vision_bottom": {
      "extrinsic_rotations": [
        -3.734125852584839,
        0.07598698139190674,
        -0.12641429901123047
      ]
    },
    "vision_top": {
      "extrinsic_rotations": [
        -5.510165691375732,
        1.4658325910568235,
        0.06611287593841553
      ]
    }
  }
}
