{
  "camera_matrix_parameters": {
    "vision_bottom": {
      "extrinsic_rotations": [
        -0.1660609245300293,
        -2.567692995071411,
        -1.4563992023468018
      ]
    },
    "vision_top": {
      "extrinsic_rotations": [
        -0.8050909638404846,
        -3.4826927185058594,
        -0.1175987720489502
      ]
    }
  },
  "player_number": "Three"
}
