{
  "camera_matrix_parameters": {
    "vision_bottom": {
      "extrinsic_rotations": [
        -3.381728172302246,
        -2.543644428253174,
        -0.24736136198043823
      ]
    },
    "vision_top": {
      "extrinsic_rotations": [
        -4.552464008331299,
        -2.3917489051818848,
        1.4565306901931765
      ]
    }
  }
}
