{
  "camera_matrix_parameters": {
    "calibration": {
      "correction_in_camera_bottom": [
        -0.09633956849575044,
        0.24045395851135257,
        0.0049249534495174885
      ],
      "correction_in_camera_top": [
        -0.11457967758178712,
        0.2550857961177826,
        -0.0078636035323143
      ],
      "correction_in_robot": [
        -0.006229497957974672,
        -0.001320332521572709,
        0.11971292644739152
      ]
    }
  }
}
