{
  "camera_matrix_parameters": {
    "calibration": {
      "correction_in_camera_bottom": [
        -0.09981884062290192,
        -0.00467572920024395,
        0.010453952476382256
      ],
      "correction_in_camera_top": [
        -0.10134784877300262,
        0.007852191105484962,
        -0.0019030942348763349
      ],
      "correction_in_robot": [
        -0.0022790355142205954,
        -0.01096618827432394,
        -0.011389706283807756
      ]
    }
  },
  "player_number": "Five"
}
