{
  "camera_matrix_parameters": {
    "calibration": {
      "correction_in_camera_bottom": [
        -0.0449855774641037,
        -0.012934722937643528,
        -0.001887858030386269
      ],
      "correction_in_camera_top": [
        -0.06736595928668976,
        -0.016612008213996887,
        -0.006186708342283964
      ],
      "correction_in_robot": [
        -0.000015095435628609266,
        -0.021024717018008232,
        -0.05158077925443649
      ]
    }
  }
}
