{
  "camera_matrix_parameters": {
    "vision_bottom": {
      "extrinsic_rotations": [
        -0.9637901186943054,
        1.830570101737976,
        -0.9879335761070251
      ]
    },
    "vision_top": {
      "extrinsic_rotations": [
        -2.891505241394043,
        4.0365118980407715,
        -0.8275419473648071
      ]
    }
  },
  "player_number": "Two"
}
