{
  "camera_matrix_parameters": {
    "vision_bottom": {
      "extrinsic_rotations": [
        -2.423551082611084,
        3.352663040161133,
        -0.07344692945480347
      ]
    },
    "vision_top": {
      "extrinsic_rotations": [
        -5.052081108093262,
        3.155139684677124,
        0.0892031192779541
      ]
    }
  },
  "player_number": "Six"
}
