{
  "camera_matrix_parameters": {
    "calibration": {
      "correction_in_camera_bottom": [
        -0.09263170510530472,
        -0.013443268835544586,
        -0.008230742998421192
      ],
      "correction_in_camera_top": [
        0.000059353649703552946,
        -0.005015322472900152,
        0.055557381361722946
      ],
      "correction_in_robot": [
        -0.00015799999528098851,
        -0.003203422063961625,
        -0.015371796675026417
      ]
    },
    "vision_bottom": {
      "extrinsic_rotations": [
        0.0,
        0.0,
        0.0
      ]
    },
    "vision_top": {
      "extrinsic_rotations": [
        0.0,
        0.0,
        0.0
      ]
    }
  }
}
