{
  "camera_matrix_parameters": {
    "vision_bottom": {
      "extrinsic_rotations": [
        -4.387323379516602,
        -1.5736770629882812,
        -0.5750763416290283
      ]
    },
    "vision_top": {
      "extrinsic_rotations": [
        -6.1282854080200195,
        -0.12125372886657716,
        -0.5995693802833557
      ]
    }
  },
  "player_number": "Five"
}
