{
  "camera_matrix_parameters": {
    "vision_bottom": {
      "extrinsic_rotations": [
        -4.284955024719238,
        1.232929229736328,
        1.0500186681747437
      ]
    },
    "vision_top": {
      "extrinsic_rotations": [
        -5.8601393699646,
        2.551642656326294,
        1.2927675247192385
      ]
    }
  },
  "player_number": "One"
}
