{
  "camera_matrix_parameters": {
    "vision_bottom": {
      "extrinsic_rotations": [
        0.958106517791748,
        -1.9545104503631592,
        1.0
      ]
    },
    "vision_top": {
      "extrinsic_rotations": [
        0.17187237739562988,
        -4.749126434326172,
        1.0
      ]
    }
  }
}
