{
  "camera_matrix_parameters": {
    "vision_bottom": {
      "extrinsic_rotations": [
        -1.7944791913032532,
        2.579231858253479,
        0.7581782341003418
      ]
    },
    "vision_top": {
      "extrinsic_rotations": [
        -2.238585948944092,
        2.110538959503174,
        -0.517297089099884
      ]
    }
  },
  "player_number": "Two"
}
