{
  "camera_matrix_parameters": {
    "calibration": {
      "correction_in_camera": [
        -0.08908800035715103,
        0.002706339815631509,
        0.00588574493303895
      ],
      "correction_in_robot": [
        -0.0033974696416407824,
        0.009685579687356949,
        -0.027158668264746662
      ]
    }
  }
}
