{
  "camera_matrix_parameters": {
    "vision_bottom": {
      "extrinsic_rotations": [
        -0.2635002136230469,
        3.2568721771240234,
        -0.5188751220703125
      ]
    },
    "vision_top": {
      "extrinsic_rotations": [
        -3.1643271446228027,
        4.030589580535889,
        -1.169748067855835
      ]
    }
  }
}
