{
  "camera_matrix_parameters": {
    "vision_bottom": {
      "extrinsic_rotations": [
        -2.4791863560676575,
        0.2953130006790161,
        -0.05485743284225464
      ]
    },
    "vision_top": {
      "extrinsic_rotations": [
        -4.608059406280518,
        2.34175968170166,
        0.02842247486114502
      ]
    }
  }
}
