{
  "camera_matrix_parameters": {
    "calibration": {
      "correction_in_camera_bottom": [
        0.0,
        -0.0,
        0.0
      ],
      "correction_in_camera_top": [
        -0.05754563957452774,
        0.24534070491790771,
        -0.030238350853323936
      ],
      "correction_in_robot": [
        -0.00012327109288889915,
        -0.02667669951915741,
        0.09854082763195038
      ]
    },
    "vision_bottom": {
      "extrinsic_rotations": [
        -0.20000964403152463,
        -5.2102203369140625,
        -1.3170576095581057
      ]
    },
    "vision_top": {
      "extrinsic_rotations": [
        0.0,
        0.0,
        0.0
      ]
    }
  },
  "player_number": "Three"
}
