{
  "camera_matrix_parameters": {
    "calibration": {
      "correction_in_camera_bottom": [
        -0.08741982281208038,
        0.002821394708007574,
        0.0024767613504081964
      ],
      "correction_in_camera_top": [
        -0.118668295443058,
        0.012760987505316734,
        0.001447945716790855
      ],
      "correction_in_robot": [
        -0.001637251116335392,
        -0.020301882177591324,
        -0.01515438687056303
      ]
    }
  },
  "player_number": "Three"
}
