{
  "camera_matrix_parameters": {
    "calibration": {
      "correction_in_camera_bottom": [
        -0.010333934798836708,
        -0.04676889628171921,
        -0.006298412568867207
      ],
      "correction_in_camera_top": [
        -0.01783762127161026,
        -0.026780806481838223,
        0.005676270462572575
      ],
      "correction_in_robot": [
        0.0009961555479094386,
        -0.0029126382432878017,
        -0.0038236125838011503
      ]
    },
    "vision_bottom": {
      "extrinsic_rotations": [
        -3.411283493041992,
        -1.8674371242523191,
        -0.001214146614074707
      ]
    },
    "vision_top": {
      "extrinsic_rotations": [
        -4.412396430969238,
        -2.7017650604248047,
        0.8421331644058228
      ]
    }
  }
}
