{
  "camera_matrix_parameters": {
    "vision_bottom": {
      "extrinsic_rotations": [
        -1.4720213413238523,
        2.876250743865967,
        -0.5667534470558167
      ]
    },
    "vision_top": {
      "extrinsic_rotations": [
        -2.798658847808838,
        2.664785385131836,
        -1.39243745803833
      ]
    }
  }
}
