{
  "camera_matrix_parameters": {
    "calibration": {
      "correction_in_camera_bottom": [
        -0.1039392352104187,
        0.0018637002212926745,
        0.009236709214746952
      ],
      "correction_in_camera_top": [
        -0.11586277186870576,
        0.023067068308591843,
        -0.003512233728542924
      ],
      "correction_in_robot": [
        -0.003255062270909548,
        0.001165193971246481,
        0.017875978723168373
      ]
    }
  }
}
