{
  "camera_matrix_parameters": {
    "calibration": {
      "correction_in_camera_bottom": [
        -0.05391000583767891,
        0.04151283949613571,
        0.010340235196053982
      ],
      "correction_in_camera_top": [
        -0.11258779466152193,
        0.011606022715568542,
        0.02554594725370407
      ],
      "correction_in_robot": [
        -0.003946762997657061,
        -0.026035744696855545,
        0.0010776431299746037
      ]
    }
  },
  "player_number": "One"
}
