{
  "camera_matrix_parameters": {
    "calibration": {
      "correction_in_camera_bottom": [
        -0.01191381737589836,
        0.02512836456298828,
        0.027523083612322807
      ],
      "correction_in_camera_top": [
        -0.00848438497632742,
        0.027004577219486237,
        0.021575063467025757
      ],
      "correction_in_robot": [
        -0.0049649677239358425,
        -0.0011331179412081838,
        -0.011584731750190258
      ]
    },
    "vision_bottom": {
      "extrinsic_rotations": [
        -4.459723949432373,
        -1.5433313846588137,
        -1.2221771478652954
      ]
    },
    "vision_top": {
      "extrinsic_rotations": [
        -5.9292778968811035,
        -1.461201310157776,
        -1.0342803001403809
      ]
    }
  },
  "player_number": "One"
}
