{
  "camera_matrix_parameters": {
    "vision_bottom": {
      "extrinsic_rotations": [
        -4.8606390953063965,
        -1.8980660438537598,
        0.7338970899581909
      ]
    },
    "vision_top": {
      "extrinsic_rotations": [
        -5.960644721984863,
        -0.28863340616226196,
        1.3120776414871216
      ]
    }
  }
}