{
  "camera_matrix_parameters": {
    "vision_bottom": {
      "extrinsic_rotations": [
        -0.004406869411468506,
        1.5834367275238037,
        -0.07958471775054932
      ]
    },
    "vision_top": {
      "extrinsic_rotations": [
        -1.3073114156723022,
        0.08924603462219238,
        0.2492666244506836
      ]
    }
  },
  "player_number": "Six"
}
