{
  "camera_matrix_parameters": {
    "calibration": {
      "correction_in_camera_bottom": [
        -0.03287646919488907,
        0.02219717763364315,
        0.0014253964181989431
      ],
      "correction_in_camera_top": [
        -0.022666411474347115,
        -0.005692955572158098,
        -0.04610925912857056
      ],
      "correction_in_robot": [
        -0.0017355212476104498,
        -0.020830024033784863,
        -0.00686303386464715
      ]
    }
  }
}
