{
  "camera_matrix_parameters": {
    "vision_bottom": {
      "extrinsic_rotations": [
        -4.459723949432373,
        -1.5433313846588137,
        -1.2221771478652954
      ]
    },
    "vision_top": {
      "extrinsic_rotations": [
        -5.9292778968811035,
        -1.461201310157776,
        -1.0342803001403809
      ]
    }
  },
  "player_number": "Five"
}
