{
  "camera_matrix_parameters": {
    "vision_bottom": {
      "extrinsic_rotations": [
        -4.656322956085205,
        -1.4568310976028442,
        0.4995846748352051
      ]
    },
    "vision_top": {
      "extrinsic_rotations": [
        -6.169203281402588,
        -0.28863340616226196,
        1.1745715141296387
      ]
    }
  }
}
