{
  "camera_matrix_parameters": {
    "vision_bottom": {
      "extrinsic_rotations": [
        -1.425599455833435,
        0.29537200927734375,
        -1.4203137159347534
      ]
    },
    "vision_top": {
      "extrinsic_rotations": [
        -3.319084405899048,
        -0.27647048234939575,
        -0.5929854512214661
      ]
    }
  }
}
