{
  "camera_matrix_parameters": {
    "calibration": {
      "correction_in_camera_bottom": [
        -0.09170913696289062,
        0.001981282839551568,
        0.01146369706839323
      ],
      "correction_in_camera_top": [
        -0.11103907227516174,
        0.012911815196275713,
        0.009754364378750324
      ],
      "correction_in_robot": [
        -0.0033516455441713333,
        -0.004170509520918131,
        0.00031302269781008363
      ]
    }
  },
  "player_number": "Two"
}
