{
  "camera_matrix_parameters": {
    "vision_bottom": {
      "extrinsic_rotations": [
        -2.171650528907776,
        -0.2488437294960022,
        -1.091439127922058
      ]
    },
    "vision_top": {
      "extrinsic_rotations": [
        -2.878100633621216,
        0.5121785402297974,
        -1.3760948181152344
      ]
    }
  },
  "player_number": "Two"
}
