{
  "camera_matrix_parameters": {
    "vision_bottom": {
      "extrinsic_rotations": [
        -4.865748882293701,
        -2.3889005184173584,
        0.7841992378234863
      ]
    },
    "vision_top": {
      "extrinsic_rotations": [
        -6.056231498718262,
        -0.4131174087524414,
        1.3938707113265991
      ]
    }
  },
  "player_number": "One"
}
