{
  "camera_matrix_parameters": {
    "calibration": {
      "correction_in_camera_bottom": [
        0.039806678891181946,
        -0.30176642537117004,
        -0.030126923695206642
      ],
      "correction_in_camera_top": [
        0.011321173049509524,
        -0.24690282344818115,
        0.04884851351380348
      ],
      "correction_in_robot": [
        -0.0013579304795712233,
        0.0022586521226912737,
        -0.13189482688903809
      ]
    },
    "vision_bottom": {
      "extrinsic_rotations": [
        -2.72135853767395,
        3.822335720062256,
        -0.8703884482383728
      ]
    },
    "vision_top": {
      "extrinsic_rotations": [
        -4.46786642074585,
        0.42489588260650635,
        -0.18990039825439453
      ]
    }
  }
}
