{
  "camera_matrix_parameters": {
    "calibration": {
      "correction_in_camera_bottom": [
        -0.10479706525802612,
        -0.01560917217284441,
        -0.001521690166555345
      ],
      "correction_in_camera_top": [
        -0.12423685938119888,
        0.01936228573322296,
        0.016081681475043297
      ],
      "correction_in_robot": [
        -0.005625028163194656,
        -0.013512834906578064,
        -0.03945242986083031
      ]
    }
  }
}
