{
  "camera_matrix_parameters": {
    "calibration": {
      "correction_in_camera_bottom": [
        -0.02701402083039284,
        0.13567642867565155,
        0.05384458228945732
      ],
      "correction_in_camera_top": [
        -0.03962289169430733,
        0.10840772092342375,
        0.003160285297781229
      ],
      "correction_in_robot": [
        -0.0046095228753983974,
        -0.019628645852208138,
        0.0589420311152935
      ]
    },
    "vision_bottom": {
      "extrinsic_rotations": [
        0.5848163366317749,
        -2.2458090782165527,
        -1.822404623031616
      ]
    },
    "vision_top": {
      "extrinsic_rotations": [
        -1.2892045974731445,
        0.850415825843811,
        0.5328315496444702
      ]
    }
  }
}
