{
  "camera_matrix_parameters": {
    "vision_bottom": {
      "extrinsic_rotations": [
        -0.9360185265541077, 3.9705920219421387, -1.0360801219940186
      ]
    },
    "vision_top": {
      "extrinsic_rotations": [
        -3.026418685913086, 4.194758415222168, -0.6669732928276062
      ]
    }
  },
  "player_number": "Four"
}
