{
  "camera_matrix_parameters": {
    "vision_bottom": {
      "extrinsic_rotations": [
        -5.9791436195373535,
        -4.126965522766113,
        -0.7366552948951721
      ]
    },
    "vision_top": {
      "extrinsic_rotations": [
        -6.620037078857422,
        -3.813681125640869,
        -0.4719775915145874
      ]
    }
  }
}
