{
  "camera_matrix_parameters": {
    "calibration": {
      "correction_in_camera_bottom": [
        -0.02322365529835224,
        -0.01684064045548439,
        0.012902207672595978
      ],
      "correction_in_camera_top": [
        -0.030983809381723404,
        -0.05138269439339638,
        -0.0034815922845155
      ],
      "correction_in_robot": [
        -0.004924810957163572,
        -0.014452348463237286,
        0.005794754717499018
      ]
    },
    "vision_bottom": {
      "extrinsic_rotations": [
        0.5848163366317749,
        1.0660958290100098,
        -0.8569559454917908
      ]
    },
    "vision_top": {
      "extrinsic_rotations": [
        -1.2892045974731443,
        3.788731098175049,
        0.5328315496444702
      ]
    }
  },
  "player_number": "One"
}
