{
  "camera_matrix_parameters": {
    "calibration": {
      "correction_in_camera_bottom": [
        0.0018730004085227847,
        0.01447179913520813,
        0.029818566516041756
      ],
      "correction_in_camera_top": [
        0.02335347793996334,
        0.07047584652900696,
        0.008416320197284222
      ],
      "correction_in_robot": [
        -0.014663957990705969,
        0.01336249988526106,
        0.07503817230463028
      ]
    },
    "vision_bottom": {
      "extrinsic_rotations": [
        -0.5672040581703186,
        -0.8759576082229614,
        -0.6766551733016968
      ]
    },
    "vision_top": {
      "extrinsic_rotations": [
        -2.633596658706665,
        3.488564968109131,
        -0.6268733739852905
      ]
    }
  }
}
