{
  "camera_matrix_parameters": {
    "vision_bottom": {
      "extrinsic_rotations": [
        -4.500819206237793,
        1.296277642250061,
        -0.5750763416290283
      ]
    },
    "vision_top": {
      "extrinsic_rotations": [
        -6.1488871574401855,
        2.235372543334961,
        -0.5995693802833557
      ]
    }
  }
}
