{
  "camera_matrix_parameters": {
    "vision_bottom": {
      "extrinsic_rotations": [
        -2.828076481819153,
        -0.2053561806678772,
        -0.4188117384910583
      ]
    },
    "vision_top": {
      "extrinsic_rotations": [
        -4.8942766189575195,
        1.3348782062530518,
        -0.5813911557197571
      ]
    }
  },
  "player_number": "One"
}
