{
  "camera_matrix_parameters": {
    "calibration": {
      "correction_in_camera_bottom": [
        -0.06432624906301498,
        0.01851550117135048,
        -0.0035105322021991014
      ],
      "correction_in_camera_top": [
        -0.08380936086177826,
        0.02814418077468872,
        0.0013038532342761755
      ],
      "correction_in_robot": [
        -0.002407199703156948,
        0.016235418617725372,
        0.001431600539945066
      ]
    }
  },
  "player_number": "Three"
}
