{
  "camera_matrix_parameters": {
    "vision_bottom": {
      "extrinsic_rotations": [
        0.4975265264511109,
        -1.564950942993164,
        0.0
      ]
    },
    "vision_top": {
      "extrinsic_rotations": [
        0.5424284934997559,
        -2.6759889125823975,
        0.5424284934997559
      ]
    }
  },
  "player_number": "Three"
}
