{
  "camera_matrix_parameters": {
    "vision_bottom": {
      "extrinsic_rotations": [
        -3.5938758850097656,
        1.7237269878387451,
        1.1488670110702517
      ]
    },
    "vision_top": {
      "extrinsic_rotations": [
        -4.161088943481445,
        0.810440182685852,
        1.4565306901931765
      ]
    }
  },
  "player_number": "Two",
  "step_planner": {
    "max_step_size": {
      "forward": 0.05
    },
    "step_size_delta_fast": {
      "forward": 0.005
    }
  }
}
