{
  "camera_matrix_parameters": {
    "vision_bottom": {
      "extrinsic_rotations": [
        -0.2635002136230469,
        2.3363847732543945,
        -0.8331093192100525
      ]
    },
    "vision_top": {
      "extrinsic_rotations": [
        -3.1643271446228027,
        4.0381855964660645,
        -1.197468638420105
      ]
    }
  }
}
