{
  "camera_matrix_parameters": {
    "vision_bottom": {
      "extrinsic_rotations": [
        -3.59727144241333,
        -0.9965988993644714,
        -0.8238056302070618
      ]
    },
    "vision_top": {
      "extrinsic_rotations": [
        -5.791552543640137,
        0.09421348571777344,
        0.07940411567687988
      ]
    }
  }
}
