{
  "camera_matrix_parameters": {
    "calibration": {
      "correction_in_camera_bottom": [
        -0.02531152404844761,
        0.02351667732000351,
        0.012414523400366306
      ],
      "correction_in_camera_top": [
        -0.02101301960647106,
        0.026375290006399155,
        0.011709357611835005
      ],
      "correction_in_robot": [
        -0.005085422191768885,
        -0.011552145704627035,
        -0.006917974445968866
      ]
    },
    "vision_bottom": {
      "extrinsic_rotations": [
        -4.459723949432373,
        -1.5433313846588137,
        -1.2221771478652954
      ]
    },
    "vision_top": {
      "extrinsic_rotations": [
        -5.9292778968811035,
        -1.461201310157776,
        -1.0342803001403809
      ]
    }
  },
  "player_number": "One"
}
