{
  "camera_matrix_parameters": {
    "vision_bottom": {
      "extrinsic_rotations": [
        -2.078281044960022,
        3.0423831939697266,
        -0.03467738628387451
      ]
    },
    "vision_top": {
      "extrinsic_rotations": [
        -2.238585948944092,
        1.174573302268982,
        -0.517297089099884
      ]
    }
  }
}
