{
  "camera_matrix_parameters": {
    "vision_bottom": {
      "extrinsic_rotations": [
        -4.245383441448212,
        -1.1069297790527344,
        -0.3210371732711792
      ]
    },
    "vision_top": {
      "extrinsic_rotations": [
        -4.7881178855896,
        -0.710999071598053,
        0.31591951847076416
      ]
    }
  }
}
