{
  "camera_matrix_parameters": {
    "vision_bottom": {
      "extrinsic_rotations": [
        -1.100250244140625,
        0.28849124908447266,
        0.6322664022445679
      ]
    },
    "vision_top": {
      "extrinsic_rotations": [
        -2.416371703147888,
        -0.2877822518348694,
        0.5350595712661743
      ]
    }
  },
  "player_number": "Five"
}
