{
  "camera_matrix_parameters": {
    "calibration": {
      "correction_in_camera_bottom": [
        -0.031781796365976334,
        0.07773785293102264,
        0.004592647776007652
      ],
      "correction_in_camera_top": [
        -0.030623214319348335,
        0.0854712575674057,
        -0.007917399518191814
      ],
      "correction_in_robot": [
        0.005314357578754425,
        -0.009443813934922218,
        0.029435517266392708
      ]
    },
    "vision_bottom": {
      "extrinsic_rotations": [
        -3.411283493041992,
        -1.8674371242523191,
        -0.001214146614074707
      ]
    },
    "vision_top": {
      "extrinsic_rotations": [
        -4.412396430969238,
        -2.7017650604248047,
        0.8421331644058228
      ]
    }
  },
  "player_number": "Three"
}
