{
  "camera_matrix_parameters": {
    "vision_bottom": {
      "extrinsic_rotations": [
        -4.096397399902344,
        1.5083616971969604,
        0.36477863788604736
      ]
    },
    "vision_top": {
      "extrinsic_rotations": [
        -4.605247497558594,
        1.7912685871124268,
        -0.8745011687278748
      ]
    }
  }
}
