{
  "camera_matrix_parameters": {
    "vision_bottom": {
      "extrinsic_rotations": [
        -2.706284523010254,
        1.806272864341736,
        0.6660890579223633
      ]
    },
    "vision_top": {
      "extrinsic_rotations": [
        -2.458721160888672,
        2.195096492767334,
        -0.10260790586471558
      ]
    }
  }
}
