{
  "camera_matrix_parameters": {
    "calibration": {
      "correction_in_camera_bottom": [
        -0.02701402083039284,
        0.13567642867565155,
        0.05384458228945732
      ],
      "correction_in_camera_top": [
        -0.03962289169430733,
        0.10840772092342375,
        0.003160285297781229
      ],
      "correction_in_robot": [
        -0.0046095228753983974,
        -0.019628645852208138,
        0.0589420311152935
      ]
    },
    "vision_bottom": {
      "extrinsic_rotations": [
        0.5391132831573486,
        -2.65378737449646,
        -2.1837661266326904
      ]
    },
    "vision_top": {
      "extrinsic_rotations": [
        -1.1667180061340332,
        0.1734083890914917,
        -0.21513640880584717
      ]
    }
  }
}
