{
  "camera_matrix_parameters": {
    "vision_bottom": {
      "extrinsic_rotations": [
        0.09330689907073976,
        -0.7592868804931641,
        -1.6509246826171875
      ]
    },
    "vision_top": {
      "extrinsic_rotations": [
        -2.1860764026641846,
        -0.5329468846321106,
        -0.5480825901031494
      ]
    }
  }
}
