{
  "camera_matrix_parameters": {
    "vision_bottom": {
      "extrinsic_rotations": [
        -3.837592840194702, 1.4024144411087036, -0.09430021047592163
      ]
    },
    "vision_top": {
      "extrinsic_rotations": [
        -5.776129245758057, 3.0504136085510254, 0.17064392566680908
      ]
    }
  }
}
