{
  "camera_matrix_parameters": {
    "vision_bottom": {
      "extrinsic_rotations": [
        -3.7042431831359863,
        3.0423831939697266,
        -0.03467738628387451
      ]
    },
    "vision_top": {
      "extrinsic_rotations": [
        -3.8798153400421143,
        2.2374236583709717,
        -0.517297089099884
      ]
    }
  },
  "player_number": "Five"
}
