{
  "camera_matrix_parameters": {
    "calibration": {
      "correction_in_camera_bottom": [
        0.05931549519300461,
        0.1369348168373108,
        -0.12660646438598633
      ],
      "correction_in_camera_top": [
        0.006750934757292271,
        0.10052493959665298,
        -0.1726701259613037
      ],
      "correction_in_robot": [
        0.08161111176013947,
        0.021428272128105164,
        0.04574964568018913
      ]
    },
    "vision_bottom": {
      "extrinsic_rotations": [
        -4.511622428894043,
        -2.427844524383545,
        0.01938164234161377
      ]
    },
    "vision_top": {
      "extrinsic_rotations": [
        -6.188063621520996,
        -0.9570738673210144,
        1.2032711505889893
      ]
    }
  }
}
