{
  "camera_matrix_parameters": {
    "calibration": {
      "correction_in_camera": [
        -0.12785804271697998,
        0.008578712120652199,
        -0.0036935266107320786
      ],
      "correction_in_robot": [
        -0.003641796298325062,
        -0.007191304117441177,
        0.005763646215200424
      ]
    }
  }
}
