{
  "camera_matrix_parameters": {
    "vision_bottom": {
      "extrinsic_rotations": [
        -0.8452954888343811,
        2.1426737308502197,
        -0.5814680457115173
      ]
    },
    "vision_top": {
      "extrinsic_rotations": [
        -2.9515304565429688,
        2.5513601303100586,
        -0.6546038389205933
      ]
    }
  }
}
