{
  "camera_matrix_parameters": {
    "vision_bottom": {
      "extrinsic_rotations": [
        -3.959440231323242,
        -0.871506929397583,
        -0.5750763416290283
      ]
    },
    "vision_top": {
      "extrinsic_rotations": [
        -5.657562255859375,
        0.35485267639160156,
        -0.4483714699745178
      ]
    }
  },
  "player_number": "Five"
}
