{
  "camera_matrix_parameters": {
    "vision_bottom": {
      "extrinsic_rotations": [
        -1.2862783670425415,
        -1.0934293270111084,
        -1.977948546409607
      ]
    },
    "vision_top": {
      "extrinsic_rotations": [
        -2.615758180618286,
        -0.4307493567466736,
        -1.868520736694336
      ]
    }
  }
}
