{
  "camera_matrix_parameters": {
    "vision_bottom": {
      "extrinsic_rotations": [
        -3.4162840843200684,
        -1.003199815750122,
        0.9793853759765625
      ]
    },
    "vision_top": {
      "extrinsic_rotations": [
        -4.471227169036865,
        -1.4228930473327637,
        1.5072226524353027
      ]
    }
  }
}
