{
  "camera_matrix_parameters": {
    "vision_bottom": {
      "extrinsic_rotations": [
        -0.5672040581703186,
        -0.8759576082229614,
        -0.6766551733016968
      ]
    },
    "vision_top": {
      "extrinsic_rotations": [
        -2.633596658706665,
        3.488564968109131,
        -0.6268733739852905
      ]
    }
  },
  "player_number": "One"
}
