{
  "camera_matrix_parameters": {
    "vision_bottom": {
      "extrinsic_rotations": [
        0.3616189956665039,
        0.7594013214111328,
        -0.39778321981430054
      ]
    },
    "vision_top": {
      "extrinsic_rotations": [
        -0.6147551536560059,
        -1.3018333911895752,
        0.5424284934997559
      ]
    }
  }
}
