{
  "camera_matrix_parameters": {
    "vision_bottom": {
      "extrinsic_rotations": [
        -1.382773518562317,
        0.9237420558929444,
        -0.9444934129714966
      ]
    },
    "vision_top": {
      "extrinsic_rotations": [
        -2.4288779497146606,
        1.3634437322616577,
        -1.2248843908309937
      ]
    }
  }
}
