{
  "camera_matrix_parameters": {
    "vision_bottom": {
      "extrinsic_rotations": [
        0.4982203245162964,
        -1.4946234226226809,
        -0.5
      ]
    },
    "vision_top": {
      "extrinsic_rotations": [
        0.14052987098693848,
        -4.305043697357178,
        0.2427273988723755
      ]
    }
  },
  "player_number": "One"
}
