{
  "camera_matrix_parameters": {
    "vision_bottom": {
      "extrinsic_rotations": [
        -1.7035254836082458,
        -2.5606173276901245,
        -1.8665313720703125
      ]
    },
    "vision_top": {
      "extrinsic_rotations": [
        -4.605216979980469,
        -1.7697510719299316,
        -0.19867658615112305
      ]
    }
  },
  "player_number": "Two"
}
