{
  "camera_matrix_parameters": {
    "vision_bottom": {
      "extrinsic_rotations": [
        0.4701054096221924,
        -3.833173513412475,
        0.7232397794723511
      ]
    },
    "vision_top": {
      "extrinsic_rotations": [
        0.29382526874542236,
        -6.706676959991455,
        1.244167685508728
      ]
    }
  },
  "player_number": "One"
}
