{
  "camera_matrix_parameters": {
    "vision_bottom": {
      "extrinsic_rotations": [
        -4.493592262268066,
        0.9774523973464966,
        -0.9812682867050172
      ]
    },
    "vision_top": {
      "extrinsic_rotations": [
        -5.873967111110687,
        1.3348782062530518,
        -0.8663302659988403
      ]
    }
  },
  "player_number": "Three"
}
