{
  "camera_matrix_parameters": {
    "vision_bottom": {
      "extrinsic_rotations": [
        -4.213141441345215,
        -6.949759006500244,
        -0.8711975812911987
      ]
    },
    "vision_top": {
      "extrinsic_rotations": [
        -6.597054958343506,
        -5.425889015197754,
        0.28617382049560547
      ]
    }
  }
}