{
  "camera_matrix_parameters": {
    "calibration": {
      "correction_in_camera_bottom": [
        -0.02701402083039284,
        0.13567642867565155,
        0.05384458228945732
      ],
      "correction_in_camera_top": [
        -0.03962289169430733,
        0.10840772092342375,
        0.003160285297781229
      ],
      "correction_in_robot": [
        -0.0046095228753983974,
        -0.019628645852208138,
        0.0589420311152935
      ]
    },
    "vision_bottom": {
      "extrinsic_rotations": [
        0.15195071697235107,
        0.1250070333480835,
        -0.8569559454917908
      ]
    },
    "vision_top": {
      "extrinsic_rotations": [
        -1.2892045974731443,
        3.788731098175049,
        0.5328315496444702
      ]
    }
  },
  "player_number": "Four"
}
