{
  "camera_matrix_parameters": {
    "calibration": {
      "correction_in_camera_bottom": [
        0.01674349047243595,
        0.10995500534772872,
        0.025806669145822525
      ],
      "correction_in_camera_top": [
        0.023606376722455025,
        0.10036247968673706,
        0.030785148963332176
      ],
      "correction_in_robot": [
        -0.0013370850356295705,
        0.013026171363890173,
        0.01565488986670971
      ]
    },
    "vision_bottom": {
      "extrinsic_rotations": [
        -6.285383224487305,
        -0.9056943655014038,
        0.124778151512146
      ]
    },
    "vision_top": {
      "extrinsic_rotations": [
        -6.703361511230469,
        0.1430046558380127,
        0.10895490646362305
      ]
    }
  }
}
