{
  "camera_matrix_parameters": {
    "vision_bottom": {
      "extrinsic_rotations": [
        -2.129868984222412,
        1.9324690103530884,
        -0.4188117384910583
      ]
    },
    "vision_top": {
      "extrinsic_rotations": [
        -5.285091698169708,
        3.768872022628784,
        -0.7551965117454529
      ]
    }
  },
  "player_number": "Four"
}
