{
  "camera_matrix_parameters": {
    "vision_bottom": {
      "extrinsic_rotations": [
        -3.411283493041992,
        -1.8674371242523191,
        -0.001214146614074707
      ]
    },
    "vision_top": {
      "extrinsic_rotations": [
        -4.412396430969238,
        -2.7017650604248047,
        0.8421331644058228
      ]
    }
  },
  "player_number": "Three"
}
