{
  "camera_matrix_parameters": {
    "vision_bottom": {
      "extrinsic_rotations": [
        -3.3280348777770996,
        -1.104656159877777,
        -0.5182921886444092
      ]
    },
    "vision_top": {
      "extrinsic_rotations": [
        -4.448606491088867,
        -0.8998695015907288,
        0.3744703531265259
      ]
    }
  },
  "player_number": "Five"
}
