{
  "camera_matrix_parameters": {
    "vision_bottom": {
      "extrinsic_rotations": [
        -1.4545413851737976,
        2.9905110597610474,
        -1.3084477186203003
      ]
    },
    "vision_top": {
      "extrinsic_rotations": [
        -4.698443412780762,
        -1.6505169868469238,
        -0.6598377227783203
      ]
    }
  }
}
