{
  "camera_matrix_parameters": {
    "calibration": {
      "correction_in_camera_bottom": [
        0.012551471590995789,
        0.021821679547429085,
        -0.0015285983681678772
      ],
      "correction_in_camera_top": [
        0.01406023371964693,
        0.0020403715316206217,
        0.0032422994263470173
      ],
      "correction_in_robot": [
        0.003517276607453823,
        0.00569284800440073,
        -0.031862370669841766
      ]
    },
    "vision_bottom": {
      "extrinsic_rotations": [
        -4.511622428894043,
        -2.427844524383545,
        0.01938164234161377
      ]
    },
    "vision_top": {
      "extrinsic_rotations": [
        -6.188063621520996,
        -0.9570738673210144,
        1.2032711505889893
      ]
    }
  }
}
