{
  "camera_matrix_parameters": {
    "calibration": {
      "correction_in_camera_bottom": [
        -0.10043216496706009,
        -0.0024433883372694254,
        0.004485021345317364
      ],
      "correction_in_camera_top": [
        -0.12385758757591248,
        0.012136971578001976,
        0.011450503021478651
      ],
      "correction_in_robot": [
        -0.007832029834389687,
        -0.015249091200530527,
        0.020131442695856094
      ]
    }
  }
}
