{
  "camera_matrix_parameters": {
    "vision_bottom": {
      "extrinsic_rotations": [
        -0.9588468074798584,
        -1.4522677659988403,
        0.10104238986968994
      ]
    },
    "vision_top": {
      "extrinsic_rotations": [
        -2.4614219665527344,
        -1.1703131198883057,
        0.32799839973449707
      ]
    }
  },
  "player_number": "Four"
}
