{
  "camera_matrix_parameters": {
    "calibration": {
      "correction_in_camera_bottom": [
        0.0012413220247253776,
        -0.0023577276151627302,
        -0.0005276908632367849
      ],
      "correction_in_camera_top": [
        -0.007041614037007093,
        -0.006612188648432493,
        -0.007481581997126341
      ],
      "correction_in_robot": [
        -0.001429426483809948,
        0.004776444751769304,
        -0.035030465573072433
      ]
    }
  }
}
