{
  "camera_matrix_parameters": {
    "calibration": {
      "correction_in_camera_bottom": [
        -0.12461922317743301,
        -0.09396932274103165,
        -0.007675844710320234
      ],
      "correction_in_camera_top": [
        -0.14039407670497894,
        -0.06336650997400284,
        0.016092481091618538
      ],
      "correction_in_robot": [
        -0.004846197087317705,
        -0.01693868637084961,
        -0.01736840046942234
      ]
    }
  }
}
