{
  "camera_matrix_parameters": {
    "calibration": {
      "correction_in_camera_bottom": [
        -0.07665157318115234,
        -0.002487614518031478,
        0.011754728853702543
      ],
      "correction_in_camera_top": [
        -0.09778182953596117,
        0.03393356129527092,
        0.03234013915061951
      ],
      "correction_in_robot": [
        -0.01066907588392496,
        -0.00023572720238007605,
        0.014046992175281048
      ]
    }
  },
  "player_number": "Three"
}
