{
  "camera_matrix_parameters": {
    "vision_bottom": {
      "extrinsic_rotations": [
        -0.5886384844779968,
        3.450109362602234,
        -0.5431625247001648
      ]
    },
    "vision_top": {
      "extrinsic_rotations": [
        -1.3164067268371582,
        2.7855831384658813,
        0.1276177167892456
      ]
    }
  }
}
