{
  "camera_matrix_parameters": {
    "calibration": {
      "correction_in_camera_bottom": [
        -0.09993240982294083,
        -0.01117619313299656,
        -0.000619656580965966
      ],
      "correction_in_camera_top": [
        -0.12702591717243197,
        0.012785138562321665,
        -0.00553026981651783
      ],
      "correction_in_robot": [
        -0.004235956817865372,
        -0.005996784195303917,
        -0.000770354934502393
      ]
    }
  }
}
