{
  "camera_matrix_parameters": {
    "vision_bottom": {
      "extrinsic_rotations": [
        -5.737607955932617,
        -1.7550373077392578,
        -0.2891528606414795
      ]
    },
    "vision_top": {
      "extrinsic_rotations": [
        -6.703361511230469,
        -1.272653579711914,
        -0.6644251942634583
      ]
    }
  },
  "player_number": "Four"
}
