{
  "camera_matrix_parameters": {
    "vision_bottom": {
      "extrinsic_rotations": [
        -3.864946126937866,
        -1.6715731620788574,
        0.08718788623809814
      ]
    },
    "vision_top": {
      "extrinsic_rotations": [
        -4.826635360717773,
        -1.2756953239440918,
        0.9431201219558716
      ]
    }
  }
}
