{
  "camera_matrix_parameters": {
    "calibration": {
      "correction_in_camera_bottom": [
        0.00005923857315792702,
        -0.00006941297033336014,
        -0.00004941884253639728
      ],
      "correction_in_camera_top": [
        -0.07696380466222763,
        0.31553715467453003,
        0.05008452758193016
      ],
      "correction_in_robot": [
        0.0005862338002771139,
        0.0029486087150871754,
        0.15820662677288055
      ]
    }
  }
}
