{
  "camera_matrix_parameters": {
    "vision_bottom": {
      "extrinsic_rotations": [
        -4.096397399902344,
        4.03590726852417,
        1.2180519104003906
      ]
    },
    "vision_top": {
      "extrinsic_rotations": [
        -4.052917003631592,
        4.9668378829956055,
        -0.6172272562980652
      ]
    }
  },
  "player_number": "Five"
}
