{
  "camera_matrix_parameters": {
    "calibration": {
      "correction_in_camera_bottom": [
        -0.09633956849575044,
        0.24045395851135257,
        0.0049249534495174885
      ],
      "correction_in_camera_top": [
        -0.11457967758178712,
        0.2550857961177826,
        -0.0078636035323143
      ],
      "correction_in_robot": [
        -0.006229497957974672,
        -0.001320332521572709,
        0.11971292644739152
      ]
    },
    "vision_bottom": {
      "extrinsic_rotations": [
        -0.43390005826950073,
        0.16422629356384277,
        3.921813488006592
      ]
    },
    "vision_top": {
      "extrinsic_rotations": [
        0.4355013370513916,
        -2.2428722381591797,
        -0.5662411451339722
      ]
    }
  },
  "player_number": "Five"
}
