{
  "camera_matrix_parameters": {
    "calibration": {
      "correction_in_camera_bottom": [
        -0.054692648351192474,
        -0.03242317959666252,
        -0.004856603220105171
      ],
      "correction_in_camera_top": [
        -0.08093074709177017,
        -0.022429879754781723,
        -0.004021694418042898
      ],
      "correction_in_robot": [
        -0.0040253507904708385,
        0.007724693045020104,
        -0.027906043455004692
      ]
    }
  }
}
