{
  "camera_matrix_parameters": {
    "vision_bottom": {
      "extrinsic_rotations": [
        -0.9360185265541076,
        1.0131829977035522,
        -1.0360801219940186
      ]
    },
    "vision_top": {
      "extrinsic_rotations": [
        -3.4252076148986816,
        1.12368643283844,
        -0.4556483030319214
      ]
    }
  },
  "player_number": "Four"
}
