{
  "camera_matrix_parameters": {
    "vision_bottom": {
      "extrinsic_rotations": [
        -1.763213574886322,
        0.0,
        -1.425834596157074
      ]
    },
    "vision_top": {
      "extrinsic_rotations": [
        -4.867133617401123,
        0.0,
        -0.2583646774291992
      ]
    }
  },
  "player_number": "Two"
}
