{
  "camera_matrix_parameters": {
    "calibration": {
      "correction_in_camera_bottom": [
        -0.016142887994647026,
        -0.04120993986725807,
        -0.010338124819099905
      ],
      "correction_in_camera_top": [
        -0.05075849965214729,
        -0.020950855687260628,
        0.012788615189492702
      ],
      "correction_in_robot": [
        -0.0030841310508549213,
        -0.013113349676132202,
        -0.028187377378344536
      ]
    }
  },
  "player_number": "Four"
}
