{
  "camera_matrix_parameters": {
    "vision_bottom": {
      "extrinsic_rotations": [
        -0.25799453258514404,
        0.9106528759002686,
        -0.9874731302261353
      ]
    },
    "vision_top": {
      "extrinsic_rotations": [
        -2.6877548694610596,
        2.1176540851593018,
        -1.038358211517334
      ]
    }
  }
}
