{
  "camera_matrix_parameters": {
    "vision_bottom": {
      "extrinsic_rotations": [
        -2.207251489162445,
        -3.0842632055282593,
        -1.0943126678466797
      ]
    },
    "vision_top": {
      "extrinsic_rotations": [
        -4.976816654205322,
        -3.1571290493011475,
        -0.49465566873550415
      ]
    }
  },
  "player_number": "Four"
}
