{
  "camera_matrix_parameters": {
    "vision_bottom": {
      "extrinsic_rotations": [
        -3.222540855407715,
        -2.108767032623291,
        -0.6921404600143433
      ]
    },
    "vision_top": {
      "extrinsic_rotations": [
        -5.085928916931152,
        -0.027813613414764404,
        -0.3328666090965271
      ]
    }
  },
  "player_number": "Three"
}
