{
  "camera_matrix_parameters": {
    "calibration": {
      "correction_in_camera": [
        -0.1237550675868988,
        0.01238535437732935,
        0.017849955707788467
      ],
      "correction_in_robot": [
        0.0053589134477078915,
        -0.007545694708824158,
        -0.024675821885466576
      ]
    }
  }
}
