{
  "camera_matrix_parameters": {
    "vision_bottom": {
      "extrinsic_rotations": [
        -2.0363572239875793,
        0.3115135431289673,
        -1.1529752612113953
      ]
    },
    "vision_top": {
      "extrinsic_rotations": [
        -4.870828151702881,
        2.0869481563568115,
        -0.6051242351531982
      ]
    }
  },
  "player_number": "Six"
}
