{
  "camera_matrix_parameters": {
    "calibration": {
      "correction_in_camera_bottom": [
        -0.01877707615494728,
        -0.011571148410439491,
        0.015498414635658264
      ],
      "correction_in_camera_top": [
        -0.02462451532483101,
        -0.037472400814294815,
        -0.00860738754272461
      ],
      "correction_in_robot": [
        -0.0023848533164709806,
        -0.009811409749090672,
        0.004984245635569096
      ]
    },
    "vision_bottom": {
      "extrinsic_rotations": [
        0.5848163366317749,
        1.0660958290100098,
        -0.8569559454917908
      ]
    },
    "vision_top": {
      "extrinsic_rotations": [
        -1.2892045974731443,
        3.788731098175049,
        0.5328315496444702
      ]
    }
  },
  "player_number": "Two"
}
