{
  "camera_matrix_parameters": {
    "vision_bottom": {
      "extrinsic_rotations": [
        -3.381728172302246,
        -6.743748664855957,
        -0.057871341705322266
      ]
    },
    "vision_top": {
      "extrinsic_rotations": [
        -4.552464008331299,
        -6.846657752990723,
        1.107357144355774
      ]
    }
  }
}
