{
  "camera_matrix_parameters": {
    "vision_bottom": {
      "extrinsic_rotations": [
        -3.4773972630500793, -1.8665313720703125, -0.6477579474449158
      ]
    },
    "vision_top": {
      "extrinsic_rotations": [
        -4.656804084777832, -0.28380364179611206, -1.1234146356582642
      ]
    }
  }
}
