{
  "camera_matrix_parameters": {
    "vision_bottom": {
      "extrinsic_rotations": [
        -3.490844964981079,
        1.1375266313552856,
        -0.26475459337234497
      ]
    },
    "vision_top": {
      "extrinsic_rotations": [
        -5.071846961975098,
        1.8903601169586184,
        -0.08163660764694214
      ]
    }
  },
  "player_number": "Two"
}
