{
  "camera_matrix_parameters": {
    "vision_bottom": {
      "extrinsic_rotations": [
        -1.7878755927085876,
        -1.0396751761436462,
        -0.8831870555877686
      ]
    },
    "vision_top": {
      "extrinsic_rotations": [
        -2.9117685556411743,
        -3.0479496717453003,
        -0.1686340570449829
      ]
    }
  },
  "player_number": "Three"
}
