{
  "camera_matrix_parameters": {
    "vision_bottom": {
      "extrinsic_rotations": [
        -4.735687732696533,
        0.5654704570770264,
        0.8493250608444214
      ]
    },
    "vision_top": {
      "extrinsic_rotations": [
        -6.169203281402588,
        2.5154309272766113,
        1.6294991970062256
      ]
    }
  }
}
