{
  "camera_matrix_parameters": {
    "vision_bottom": {
      "extrinsic_rotations": [
        0.5848163366317749,
        1.0660958290100098,
        -0.8569559454917908
      ]
    },
    "vision_top": {
      "extrinsic_rotations": [
        -1.2892045974731443,
        3.788731098175049,
        0.5328315496444702
      ]
    }
  },
  "player_number": "Two"
}
