{
  "camera_matrix_parameters": {
    "vision_bottom": {
      "extrinsic_rotations": [
        -2.129868984222412,
        0.9166359901428224,
        -0.5940386652946472
      ]
    },
    "vision_top": {
      "extrinsic_rotations": [
        -5.022890567779541,
        2.158858299255371,
        -0.8819630742073059
      ]
    }
  }
}
