{
  "camera_matrix_parameters": {
    "calibration": {
      "correction_in_camera_bottom": [
        -0.04549132287502289,
        0.021179435774683952,
        0.0063347709365189075
      ],
      "correction_in_camera_top": [
        -0.0692538246512413,
        -0.0009683748940005898,
        0.000649866065941751
      ],
      "correction_in_robot": [
        -0.0055519044399261475,
        0.01586577482521534,
        0.001269437838345766
      ]
    }
  }
}
