{
  "camera_matrix_parameters": {
    "calibration": {
      "correction_in_camera_bottom": [
        -0.022745590656995773,
        -0.011429278180003166,
        0.02245967462658882
      ],
      "correction_in_camera_top": [
        -0.03078586794435978,
        -0.03120165690779686,
        0.012723295018076897
      ],
      "correction_in_robot": [
        -0.004201423842459917,
        -0.014062887988984585,
        -0.018891289830207825
      ]
    },
    "vision_bottom": {
      "extrinsic_rotations": [
        0.5848163366317749,
        1.0660958290100098,
        -0.8569559454917908
      ]
    },
    "vision_top": {
      "extrinsic_rotations": [
        -1.2892045974731443,
        3.788731098175049,
        0.5328315496444702
      ]
    }
  },
  "player_number": "Three"
}
