{
  "camera_matrix_parameters": {
    "vision_bottom": {
      "extrinsic_rotations": [
        -2.691078186035156,
        0.43316423892974854,
        -0.3613981604576111
      ]
    },
    "vision_top": {
      "extrinsic_rotations": [
        -4.453154563903809,
        1.3488060235977173,
        0.26404738426208496
      ]
    }
  },
  "player_number": "Five"
}
