{
  "camera_matrix_parameters": {
    "vision_bottom": {
      "extrinsic_rotations": [
        -3.8277313709259033, 0.7709097862243652, -0.12641429901123047
      ]
    },
    "vision_top": {
      "extrinsic_rotations": [
        -5.975536346435547, 2.511253833770752, -0.15128731727600098
      ]
    }
  }
}
