{
  "camera_matrix_parameters": {
    "calibration": {
      "correction_in_camera_bottom": [
        -0.10792342573404312,
        -0.010073629207909107,
        0.0008100668201223016
      ],
      "correction_in_camera_top": [
        -0.12603408098220825,
        0.024108480662107468,
        0.01845315843820572
      ],
      "correction_in_robot": [
        0.006571989506483078,
        -0.009867211803793907,
        -0.02541419304907322
      ]
    }
  }
}
