{
  "camera_matrix_parameters": {
    "vision_bottom": {
      "extrinsic_rotations": [
        -3.734125852584839,
        3.351616859436035,
        -0.12641429901123047
      ]
    },
    "vision_top": {
      "extrinsic_rotations": [
        -5.776129245758057,
        5.473789691925049,
        0.40882766246795654
      ]
    }
  }
}
