{
  "camera_matrix_parameters": {
    "calibration": {
      "correction_in_camera_bottom": [
        -0.10408566147089005,
        -0.011230922304093838,
        0.006901527289301157
      ],
      "correction_in_camera_top": [
        -0.1237550675868988,
        0.01238535437732935,
        0.017849955707788467
      ],
      "correction_in_robot": [
        0.0053589134477078915,
        -0.007545694708824158,
        -0.024675821885466576
      ]
    }
  }
}
