{
  "camera_matrix_parameters": {
    "vision_bottom": {
      "extrinsic_rotations": [
        -2.543705999851227,
        -2.5675812363624573,
        -0.7959839701652527
      ]
    },
    "vision_top": {
      "extrinsic_rotations": [
        -4.710523188114166,
        -1.0722541809082031,
        -1.484954059123993
      ]
    }
  },
  "player_number": "One"
}
