{
  "camera_matrix_parameters": {
    "vision_bottom": {
      "extrinsic_rotations": [
        -3.09781014919281,
        2.269565463066101,
        0.2643316984176636
      ]
    },
    "vision_top": {
      "extrinsic_rotations": [
        -3.9327316284179688,
        2.648869037628174,
        -1.836829423904419
      ]
    }
  }
}
