{
  "camera_matrix_parameters": {
    "calibration": {
      "correction_in_camera_bottom": [
        -0.03573714196681976,
        -0.022766590118408203,
        -0.0026190117932856083
      ],
      "correction_in_camera_top": [
        -0.06915579736232758,
        0.008396992459893227,
        0.010349546559154987
      ],
      "correction_in_robot": [
        -0.006435388699173927,
        -0.01853189058601856,
        -0.0034145142417401075
      ]
    }
  }
}
