{
  "camera_matrix_parameters": {
    "vision_bottom": {
      "extrinsic_rotations": [
        0.0,
        1.0669934749603271,
        -0.004975497722625732
      ]
    },
    "vision_top": {
      "extrinsic_rotations": [
        -1.9913077354431152,
        4.244102478027344,
        0.529516339302063
      ]
    }
  }
}
