{
  "camera_matrix_parameters": {
    "vision_bottom": {
      "extrinsic_rotations": [
        -3.1802978515625,
        2.2601242065429688,
        -0.012126266956329346
      ]
    },
    "vision_top": {
      "extrinsic_rotations": [
        -5.469191551208496,
        3.5441298484802246,
        0.33504724502563477
      ]
    }
  }
}
