{
  "camera_matrix_parameters": {
    "vision_bottom": {
      "extrinsic_rotations": [
        -4.750211715698242,
        -4.515871524810791,
        0.13428032398223877
      ]
    },
    "vision_top": {
      "extrinsic_rotations": [
        -5.953529357910156,
        -3.966587543487549,
        1.3938707113265991
      ]
    }
  },
  "player_number": "One"
}
