{
  "camera_matrix_parameters": {
    "vision_bottom": {
      "extrinsic_rotations": [
        0.32545745372772217,
        -5.822083473205566,
        1.1933451890945437
      ]
    },
    "vision_top": {
      "extrinsic_rotations": [
        -0.32545924186706543,
        -6.219865798950195,
        1.6634505987167358
      ]
    }
  }
}
