{
  "camera_matrix_parameters": {
    "calibration": {
      "correction_in_camera": [
        -0.11568813771009444,
        0.009051582776010036,
        -0.0035446942783892155
      ],
      "correction_in_robot": [
        -0.0014335386222228408,
        0.002269041957333684,
        -0.009240120649337769
      ]
    }
  }
}
