{
    "top_ext": [
        0,
        0,
        0
    ],
    "top_fc": [
        0.94796875,
        1.273125
    ],
    "top_cc": [
        0.5157812500000001,
        0.4971875
    ],
    "bottom_ext": [
        0,
        0,
        0
    ],
    "bottom_fc": [
        0.973359375,
        1.3021874999999998
    ],
    "bottom_cc": [
        0.50703125,
        0.5194791666666666
    ],
    "torso_calibration": [
        0,
        0
    ]
}
