{
   "cam2groundStand" : [ [
         [
            0.0209000091999769,
            0,
            1,
            0
         ],
         [
            0.0587099976837635,
            0,
            0.498827219009399
         ]
      ],
      [
         [
            0.692900002002716,
            0,
            1,
            0
         ],
         [
            0.0507100000977516,
            0,
            0.45292717218399
         ]
      ]
   ],
   "bottom_cc" : [
      0.50703125,
      0.519479166666667
   ],
   "bottom_ext" : [
      0,
      0,
      0
   ],
   "bottom_fc" : [
      0.973359375,
      1.3021875
   ],
   "fov" : [
      60.97,
      47.64
   ],
   "top_cc" : [
      0.51578125,
      0.4971875
   ],
   "top_ext" : [
      0,
      0,
      0
   ],
   "top_fc" : [
      0.94796875,
      1.273125
   ],
   "torsoCalibration" : [
      0,
      0
   ]
}
