{
  "fakeHeadMatrixBuffer": true,
  "useRecordedConfig": true,
  "head2torso": [
  [
    9.085812848752539e-07,
    1.04354612062707e-07,
    -0.9716533422470093,
    0.2364103496074677
  ],
  [
    0,
    0,
    126.5
  ]
],
"torso2ground": [
  [
    0.03528726100921631,
    0.002282212721183896,
    -0.9999973773956299,
    4.02705954911653e-05
  ],
  [
    0,
    0,
    317.5479125976562
  ]
],
  "configBlacklist": [
  ]
}
