{
  "parameters": {
    "camera_matrix_parameters": {
      "vision_bottom": {
        "extrinsic_rotations": [
          -3.5938758850097656,
          1.7237269878387451,
          0.8002728223800659
        ]
      },
      "vision_top": {
        "extrinsic_rotations": [
          -4.161088943481445,
          -0.015437901020050049,
          2.0261354446411133
        ]
      }
    }
  }
}
