{
  "position": "Bottom",
  "camera_matrix": {
    "camera_to_head": {
      "rotation": [
        0.005255674,
        0.29767695,
        -0.009427623,
        0.9546056
      ],
      "translation": [
        0.05071,
        0.0,
        0.01774
      ]
    },
    "camera_to_ground": {
      "rotation": [
        -0.030437874,
        0.12165337,
        -0.17364152,
        0.97679186
      ],
      "translation": [
        0.120310076,
        -0.0037673698,
        0.3766548
      ]
    },
    "ground_to_camera": {
      "rotation": [
        0.030437872,
        -0.12165339,
        0.17364152,
        0.97679186
      ],
      "translation": [
        -0.025265444,
        0.0019221855,
        -0.39460802
      ]
    },
    "camera_to_robot": {
      "rotation": [
        0.0023695044,
        -0.033806097,
        -0.17644161,
        0.98372734
      ],
      "translation": [
        0.02706382,
        -0.009591428,
        0.2569067
      ]
    },
    "robot_to_camera": {
      "rotation": [
        -0.002369506,
        0.033806078,
        0.17644161,
        0.98372734
      ],
      "translation": [
        -0.045520537,
        -0.0046589673,
        -0.25442415
      ]
    },
    "focal_length": [
      608.0,
      609.6
    ],
    "optical_center": [
      320.0,
      240.0
    ],
    "field_of_view": [
      0.9689559,
      0.75012857
    ],
    "horizon": {
      "left_horizon_y": 63.37784,
      "right_horizon_y": 130.6584
    }
  },
  "crossings": {
    "border_line_0": [
      599.86505,
      251.91867
    ],
    "border_line_1": [
      130.31154,
      135.62048
    ],
    "goal_box_line_0": [
      324.45593,
      222.10173
    ],
    "goal_box_line_1": [
      91.10225,
      146.12665
    ],
    "connecting_line_0": [
      441.83707,
      213.06973
    ],
    "connecting_line_1": [
      325.48495,
      222.2212
    ]
  }
}