{
  "position": "Top",
  "camera_matrix": {
    "camera_to_head": {
      "rotation": [
        -0.0019643677,
        -0.047894716,
        0.010701526,
        0.9987932
      ],
      "translation": [
        0.05871,
        0.0,
        0.06364
      ]
    },
    "camera_to_ground": {
      "rotation": [
        0.023176577,
        0.06242424,
        -0.81675124,
        0.57313526
      ],
      "translation": [
        -0.005220892,
        -0.067127824,
        0.49135542
      ]
    },
    "ground_to_camera": {
      "rotation": [
        -0.023176577,
        -0.06242424,
        0.8167512,
        0.57313526
      ],
      "translation": [
        -0.010676134,
        0.01944905,
        -0.4954506
      ]
    },
    "camera_to_robot": {
      "rotation": [
        0.056068826,
        0.03951293,
        -0.8151539,
        0.57516915
      ],
      "translation": [
        -0.025544874,
        -0.06712781,
        0.25985527
      ]
    },
    "robot_to_camera": {
      "rotation": [
        -0.056068823,
        -0.03951293,
        0.81515384,
        0.57516915
      ],
      "translation": [
        -0.03556675,
        0.001542063,
        -0.26723784
      ]
    },
    "focal_length": [
      608.0,
      609.6
    ],
    "optical_center": [
      320.0,
      240.0
    ],
    "field_of_view": [
      0.9689559,
      0.75012857
    ],
    "horizon": {
      "left_horizon_y": 148.29541,
      "right_horizon_y": 197.03725
    }
  },
  "crossings": {
    "border_line_0": [
      474.12253,
      270.82666
    ],
    "border_line_1": [
      6.1375895,
      324.4617
    ],
    "goal_box_line_0": [
      431.7009,
      313.7031
    ],
    "goal_box_line_1": [
      5.993062,
      411.10672
    ],
    "connecting_line_0": [
      431.6084,
      313.04404
    ],
    "connecting_line_1": [
      326.0168,
      287.19678
    ]
  }
}