{
  "position": "Bottom",
  "camera_matrix": {
    "camera_to_head": {
      "rotation": [
        0.005255674,
        0.29767695,
        -0.009427623,
        0.9546056
      ],
      "translation": [
        0.05071,
        0.0,
        0.01774
      ]
    },
    "camera_to_ground": {
      "rotation": [
        -0.07683147,
        0.22512777,
        0.41841626,
        0.87655073
      ],
      "translation": [
        0.054403692,
        0.030486155,
        0.3772676
      ]
    },
    "ground_to_camera": {
      "rotation": [
        0.076831475,
        -0.22512777,
        -0.4184163,
        0.87655073
      ],
      "translation": [
        0.12200582,
        0.0020773045,
        -0.3623952
      ]
    },
    "camera_to_robot": {
      "rotation": [
        -0.09212121,
        0.2046865,
        0.41525018,
        0.8815803
      ],
      "translation": [
        0.029531652,
        0.037129235,
        0.23670936
      ]
    },
    "robot_to_camera": {
      "rotation": [
        0.09212122,
        -0.2046865,
        -0.4152502,
        0.8815803
      ],
      "translation": [
        0.060880452,
        -0.0027504296,
        -0.233598
      ]
    },
    "focal_length": [
      608.0,
      609.6
    ],
    "optical_center": [
      320.0,
      240.0
    ],
    "field_of_view": [
      0.9689559,
      0.75012857
    ],
    "horizon": {
      "left_horizon_y": -56.062805,
      "right_horizon_y": -94.85857
    }
  },
  "crossings": {
    "border_line_0": [
      630.9885,
      51.3592
    ],
    "border_line_1": [
      232.86227,
      8.286226
    ],
    "goal_box_line_0": [
      422.64,
      69.27865
    ],
    "goal_box_line_1": [
      196.6399,
      27.244345
    ],
    "connecting_line_0": [
      422.76526,
      69.05704
    ],
    "connecting_line_1": [
      546.3168,
      42.785843
    ]
  }
}