{
  "position": "Top",
  "camera_matrix": {
    "camera_to_head": {
      "rotation": [
        -0.0019643677,
        -0.047894716,
        0.010701526,
        0.9987932
      ],
      "translation": [
        0.05871,
        0.0,
        0.06364
      ]
    },
    "camera_to_ground": {
      "rotation": [
        -0.0029301462,
        -0.008534334,
        -0.18831497,
        0.9820672
      ],
      "translation": [
        0.069550104,
        -0.021047328,
        0.41168848
      ]
    },
    "ground_to_camera": {
      "rotation": [
        0.0029301457,
        0.008534333,
        0.18831497,
        0.9820672
      ],
      "translation": [
        -0.079746276,
        -0.00512814,
        -0.4103436
      ]
    },
    "camera_to_robot": {
      "rotation": [
        -0.0018220204,
        -0.0015860496,
        -0.18829583,
        0.98210937
      ],
      "translation": [
        0.05922138,
        -0.025067436,
        0.26947728
      ]
    },
    "robot_to_camera": {
      "rotation": [
        0.0018220203,
        0.0015860492,
        0.18829583,
        0.98210937
      ],
      "translation": [
        -0.06531723,
        0.0021895654,
        -0.2692256
      ]
    },
    "focal_length": [
      608.0,
      609.6
    ],
    "optical_center": [
      320.0,
      240.0
    ],
    "field_of_view": [
      0.9689559,
      0.75012857
    ],
    "horizon": {
      "left_horizon_y": 250.07762,
      "right_horizon_y": 251.70581
    }
  },
  "crossings": {
    "border_line_0": [
      431.0303,
      316.2834
    ],
    "border_line_1": [
      9.010791,
      388.7031
    ],
    "goal_box_line_0": [
      418.85532,
      350.1991
    ],
    "goal_box_line_1": [
      2.8096094,
      458.86816
    ],
    "connecting_line_0": [
      418.62408,
      350.0777
    ],
    "connecting_line_1": [
      314.39874,
      336.23776
    ]
  }
}