{
  "position": "Top",
  "camera_matrix": {
    "camera_to_head": {
      "rotation": [
        -0.0019643677,
        -0.047894716,
        0.010701526,
        0.9987932
      ],
      "translation": [
        0.05871,
        0.0,
        0.06364
      ]
    },
    "camera_to_ground": {
      "rotation": [
        -0.0071307854,
        0.14432162,
        0.050260894,
        0.98822767
      ],
      "translation": [
        0.087082386,
        0.009916383,
        0.4784127
      ]
    },
    "ground_to_camera": {
      "rotation": [
        0.0071307863,
        -0.14432164,
        -0.050260887,
        0.98822767
      ],
      "translation": [
        0.052828435,
        -0.0012333675,
        -0.48349565
      ]
    },
    "camera_to_robot": {
      "rotation": [
        -0.0047214953,
        0.11278673,
        0.050464727,
        0.99232566
      ],
      "translation": [
        0.075595565,
        0.006039734,
        0.25328213
      ]
    },
    "robot_to_camera": {
      "rotation": [
        0.0047214953,
        -0.11278673,
        -0.050464723,
        0.99232566
      ],
      "translation": [
        -0.017069776,
        0.001133224,
        -0.26383772
      ]
    },
    "focal_length": [
      608.0,
      609.6
    ],
    "optical_center": [
      320.0,
      240.0
    ],
    "field_of_view": [
      0.9689559,
      0.75012857
    ],
    "horizon": {
      "left_horizon_y": 58.21924,
      "right_horizon_y": 57.942577
    }
  },
  "crossings": {
    "border_line_0": [
      633.1545,
      160.51385
    ],
    "border_line_1": [
      12.259763,
      252.79547
    ],
    "goal_box_line_0": [
      103.893875,
      325.7316
    ],
    "goal_box_line_1": [
      630.3545,
      211.4626
    ],
    "connecting_line_0": [
      47.47045,
      247.7717
    ],
    "connecting_line_1": [
      103.63565,
      325.85687
    ]
  }
}