{
  "position": "Top",
  "camera_matrix": {
    "camera_to_head": {
      "rotation": [
        -0.0019643677,
        -0.047894716,
        0.010701526,
        0.9987932
      ],
      "translation": [
        0.05871,
        0.0,
        0.06364
      ]
    },
    "camera_to_ground": {
      "rotation": [
        0.03899793,
        0.08049167,
        -0.6652072,
        0.74128294
      ],
      "translation": [
        0.01296314,
        -0.07418572,
        0.48724943
      ]
    },
    "ground_to_camera": {
      "rotation": [
        -0.038997933,
        -0.08049166,
        0.6652072,
        0.74128294
      ],
      "translation": [
        0.009405728,
        0.019446759,
        -0.4925616
      ]
    },
    "camera_to_robot": {
      "rotation": [
        0.05460908,
        0.06062332,
        -0.6641068,
        0.7431725
      ],
      "translation": [
        0.0065989047,
        -0.072761804,
        0.25796598
      ]
    },
    "robot_to_camera": {
      "rotation": [
        -0.05460908,
        -0.06062332,
        0.6641068,
        0.7431725
      ],
      "translation": [
        -0.030114919,
        0.0014220546,
        -0.266412
      ]
    },
    "focal_length": [
      608.0,
      609.6
    ],
    "optical_center": [
      320.0,
      240.0
    ],
    "field_of_view": [
      0.9689559,
      0.75012857
    ],
    "horizon": {
      "left_horizon_y": 117.86375,
      "right_horizon_y": 149.94353
    }
  },
  "crossings": {
    "border_line_0": [
      615.0712,
      306.37265
    ],
    "border_line_1": [
      33.917652,
      194.67624
    ],
    "goal_box_line_0": [
      364.0024,
      297.27707
    ],
    "goal_box_line_1": [
      9.50411,
      214.09106
    ],
    "connecting_line_0": [
      437.30084,
      272.33746
    ],
    "connecting_line_1": [
      363.92535,
      297.06512
    ]
  }
}