{
  "position": "Top",
  "camera_matrix": {
    "camera_to_head": {
      "rotation": [
        -0.0019643677,
        -0.047894716,
        0.010701526,
        0.9987932
      ],
      "translation": [
        0.05871,
        0.0,
        0.06364
      ]
    },
    "camera_to_ground": {
      "rotation": [
        -0.020215854,
        0.08556467,
        0.5591358,
        0.8244012
      ],
      "translation": [
        0.039985176,
        0.06310446,
        0.48765802
      ]
    },
    "ground_to_camera": {
      "rotation": [
        0.020215854,
        -0.08556467,
        -0.5591358,
        0.8244012
      ],
      "translation": [
        0.007466521,
        -0.01700174,
        -0.4929975
      ]
    },
    "camera_to_robot": {
      "rotation": [
        -0.04082939,
        0.06073391,
        0.5580053,
        0.8266043
      ],
      "translation": [
        0.02847404,
        0.06641988,
        0.25919217
      ]
    },
    "robot_to_camera": {
      "rotation": [
        0.04082939,
        -0.06073391,
        -0.5580053,
        0.8266043
      ],
      "translation": [
        -0.03364016,
        0.001499731,
        -0.26696262
      ]
    },
    "focal_length": [
      608.0,
      609.6
    ],
    "optical_center": [
      320.0,
      240.0
    ],
    "field_of_view": [
      0.9689559,
      0.75012857
    ],
    "horizon": {
      "left_horizon_y": 158.96959,
      "right_horizon_y": 118.39415
    }
  },
  "crossings": {
    "border_line_0": [
      410.40146,
      221.37909
    ],
    "border_line_1": [
      5.497816,
      347.21414
    ],
    "goal_box_line_0": [
      288.69604,
      259.9062
    ],
    "goal_box_line_1": [
      396.8313,
      264.48288
    ],
    "connecting_line_0": [
      396.2956,
      264.43472
    ],
    "connecting_line_1": [
      6.8293934,
      434.1559
    ]
  }
}