{
  "position": "Top",
  "camera_matrix": {
    "camera_to_head": {
      "rotation": [
        -0.0019643677,
        -0.047894716,
        0.010701526,
        0.9987932
      ],
      "translation": [
        0.05871,
        0.0,
        0.06364
      ]
    },
    "camera_to_ground": {
      "rotation": [
        0.00086156867,
        -0.046611447,
        -0.01716656,
        0.998765
      ],
      "translation": [
        0.048781417,
        -0.007853279,
        0.5050391
      ]
    },
    "ground_to_camera": {
      "rotation": [
        -0.0008615687,
        0.046611447,
        0.01716656,
        0.998765
      ],
      "translation": [
        -0.09581877,
        0.004502408,
        -0.49830145
      ]
    },
    "camera_to_robot": {
      "rotation": [
        -0.0035813386,
        -0.055497218,
        -0.016903076,
        0.9983093
      ],
      "translation": [
        0.057636037,
        -0.0031885542,
        0.27603552
      ]
    },
    "robot_to_camera": {
      "rotation": [
        0.0035813386,
        0.055497218,
        0.016903076,
        0.9983093
      ],
      "translation": [
        -0.087974444,
        0.0026745088,
        -0.26791984
      ]
    },
    "focal_length": [
      608.0,
      609.6
    ],
    "optical_center": [
      320.0,
      240.0
    ],
    "field_of_view": [
      0.9689559,
      0.75012857
    ],
    "horizon": {
      "left_horizon_y": 298.05844,
      "right_horizon_y": 295.92123
    }
  },
  "crossings": {
    "border_line_0": [
      615.9249,
      396.24933
    ],
    "border_line_1": [
      14.011434,
      406.2159
    ],
    "goal_box_line_0": [
      545.68085,
      420.59155
    ],
    "goal_box_line_1": [
      19.160458,
      431.01486
    ],
    "connecting_line_0": [
      498.54764,
      398.35556
    ],
    "connecting_line_1": [
      545.122,
      420.67444
    ]
  }
}