{
  "position": "Top",
  "camera_matrix": {
    "camera_to_head": {
      "rotation": [
        -0.0019643677,
        -0.047894716,
        0.010701526,
        0.9987932
      ],
      "translation": [
        0.05871,
        0.0,
        0.06364
      ]
    },
    "camera_to_ground": {
      "rotation": [
        -0.011960227,
        -0.016197352,
        -0.08222788,
        0.9964104
      ],
      "translation": [
        0.06931854,
        -0.007606026,
        0.5014527
      ]
    },
    "ground_to_camera": {
      "rotation": [
        0.011960227,
        0.016197354,
        0.08222789,
        0.9964104
      ],
      "translation": [
        -0.086760625,
        0.0067314017,
        -0.4987434
      ]
    },
    "camera_to_robot": {
      "rotation": [
        -0.0061947983,
        -0.04523639,
        -0.0826965,
        0.9955285
      ],
      "translation": [
        0.05796893,
        -0.010979751,
        0.27487162
      ]
    },
    "robot_to_camera": {
      "rotation": [
        0.0061947983,
        0.04523639,
        0.082696505,
        0.9955285
      ],
      "translation": [
        -0.083779335,
        0.0025852537,
        -0.26834622
      ]
    },
    "focal_length": [
      608.0,
      609.6
    ],
    "optical_center": [
      320.0,
      240.0
    ],
    "field_of_view": [
      0.9689559,
      0.75012857
    ],
    "horizon": {
      "left_horizon_y": 254.0949,
      "right_horizon_y": 267.66968
    }
  },
  "crossings": {
    "border_line_0": [
      505.73544,
      350.66544
    ],
    "border_line_1": [
      5.6712484,
      444.8413
    ],
    "goal_box_line_0": [
      390.61856,
      372.3927
    ],
    "goal_box_line_1": [
      505.747,
      392.54556
    ],
    "connecting_line_0": [
      246.14722,
      473.3016
    ],
    "connecting_line_1": [
      505.8453,
      392.0677
    ]
  }
}