{
  "position": "Bottom",
  "camera_matrix": {
    "camera_to_head": {
      "rotation": [
        0.005255674,
        0.29767695,
        -0.009427623,
        0.9546056
      ],
      "translation": [
        0.05071,
        0.0,
        0.01774
      ]
    },
    "camera_to_ground": {
      "rotation": [
        -0.036161363,
        0.14708017,
        0.45029202,
        0.8799411
      ],
      "translation": [
        0.0351255,
        0.02774137,
        0.47412682
      ]
    },
    "ground_to_camera": {
      "rotation": [
        0.036161363,
        -0.14708015,
        -0.450292,
        0.8799411
      ],
      "translation": [
        0.09711504,
        -0.020838343,
        -0.46576178
      ]
    },
    "camera_to_robot": {
      "rotation": [
        -0.056269333,
        0.123329245,
        0.44810048,
        0.88364553
      ],
      "translation": [
        0.024311552,
        0.034405306,
        0.24483818
      ]
    },
    "robot_to_camera": {
      "rotation": [
        0.056269336,
        -0.12332923,
        -0.44810045,
        0.88364553
      ],
      "translation": [
        0.025133848,
        -0.0034940103,
        -0.24713677
      ]
    },
    "focal_length": [
      608.0,
      609.6
    ],
    "optical_center": [
      320.0,
      240.0
    ],
    "field_of_view": [
      0.9689559,
      0.75012857
    ],
    "horizon": {
      "left_horizon_y": 76.955536,
      "right_horizon_y": 30.744705
    }
  },
  "crossings": {
    "border_line_0": [
      36.783142,
      192.9265
    ],
    "border_line_1": [
      616.57434,
      137.47621
    ],
    "goal_box_line_0": [
      434.75333,
      177.9477
    ],
    "goal_box_line_1": [
      8.976105,
      220.01668
    ],
    "connecting_line_0": [
      435.24084,
      178.36394
    ],
    "connecting_line_1": [
      400.24408,
      158.50783
    ]
  }
}