{
  "position": "Bottom",
  "camera_matrix": {
    "camera_to_head": {
      "rotation": [
        0.005255674,
        0.29767695,
        -0.009427623,
        0.9546056
      ],
      "translation": [
        0.05071,
        0.0,
        0.01774
      ]
    },
    "camera_to_ground": {
      "rotation": [
        -0.14433485,
        0.094539575,
        0.7546716,
        0.6330087
      ],
      "translation": [
        -0.005104568,
        0.038989756,
        0.38319546
      ]
    },
    "ground_to_camera": {
      "rotation": [
        0.14433485,
        -0.09453958,
        -0.7546716,
        0.6330087
      ],
      "translation": [
        0.09235476,
        0.01737232,
        -0.37356904
      ]
    },
    "camera_to_robot": {
      "rotation": [
        -0.1283691,
        0.11317011,
        0.75752646,
        0.62997407
      ],
      "translation": [
        -0.0088654645,
        0.043526478,
        0.24171683
      ]
    },
    "robot_to_camera": {
      "rotation": [
        0.1283691,
        -0.11317012,
        -0.75752646,
        0.62997407
      ],
      "translation": [
        0.03966119,
        -0.003205688,
        -0.24252194
      ]
    },
    "focal_length": [
      608.0,
      609.6
    ],
    "optical_center": [
      320.0,
      240.0
    ],
    "field_of_view": [
      0.9689559,
      0.75012857
    ],
    "horizon": {
      "left_horizon_y": 7.5497437,
      "right_horizon_y": 34.825233
    }
  },
  "crossings": {
    "border_line_0": [
      627.70483,
      173.77182
    ],
    "border_line_1": [
      237.58157,
      92.817314
    ],
    "goal_box_line_0": [
      416.20374,
      168.04854
    ],
    "goal_box_line_1": [
      196.1909,
      104.10778
    ],
    "connecting_line_0": [
      416.55637,
      167.84813
    ],
    "connecting_line_1": [
      537.5989,
      155.26848
    ]
  }
}