{
  "position": "Bottom",
  "camera_matrix": {
    "camera_to_head": {
      "rotation": [
        0.005255674,
        0.29767695,
        -0.009427623,
        0.9546056
      ],
      "translation": [
        0.05071,
        0.0,
        0.01774
      ]
    },
    "camera_to_ground": {
      "rotation": [
        0.013273816,
        0.082185075,
        -0.1257145,
        0.9885671
      ],
      "translation": [
        0.039414782,
        -0.01008053,
        0.47901034
      ]
    },
    "ground_to_camera": {
      "rotation": [
        -0.013273815,
        -0.082185075,
        0.1257145,
        0.9885671
      ],
      "translation": [
        0.039313458,
        -0.002797436,
        -0.47911656
      ]
    },
    "camera_to_robot": {
      "rotation": [
        0.014535513,
        0.06008087,
        -0.12548205,
        0.99016815
      ],
      "translation": [
        0.035699997,
        -0.008595677,
        0.25071526
      ]
    },
    "robot_to_camera": {
      "rotation": [
        -0.014535513,
        -0.060080875,
        0.12548205,
        0.99016815
      ],
      "translation": [
        -0.0056942105,
        -0.0040488965,
        -0.2532937
      ]
    },
    "focal_length": [
      608.0,
      609.6
    ],
    "optical_center": [
      320.0,
      240.0
    ],
    "field_of_view": [
      0.9689559,
      0.75012857
    ],
    "horizon": {
      "left_horizon_y": 139.30566,
      "right_horizon_y": 135.68015
    }
  },
  "crossings": {
    "border_line_0": [
      47.33363,
      244.73468
    ],
    "border_line_1": [
      586.02515,
      205.51964
    ],
    "goal_box_line_0": [
      156.85829,
      261.6656
    ],
    "goal_box_line_1": [
      561.5056,
      226.16391
    ],
    "connecting_line_0": [
      574.9948,
      224.88821
    ],
    "connecting_line_1": [
      501.8178,
      211.62833
    ]
  }
}