{
  "position": "Bottom",
  "camera_matrix": {
    "camera_to_head": {
      "rotation": [
        0.005255674,
        0.29767695,
        -0.009427623,
        0.9546056
      ],
      "translation": [
        0.05071,
        0.0,
        0.01774
      ]
    },
    "camera_to_ground": {
      "rotation": [
        0.09325521,
        0.19829679,
        -0.5235118,
        0.82335645
      ],
      "translation": [
        0.03443527,
        -0.039598018,
        0.46707305
      ]
    },
    "ground_to_camera": {
      "rotation": [
        -0.0932552,
        -0.19829677,
        0.5235118,
        0.82335645
      ],
      "translation": [
        0.15259835,
        0.01149361,
        -0.44440147
      ]
    },
    "camera_to_robot": {
      "rotation": [
        0.11245626,
        0.1713999,
        -0.51973975,
        0.82936466
      ],
      "translation": [
        0.02098611,
        -0.041381333,
        0.23858099
      ]
    },
    "robot_to_camera": {
      "rotation": [
        -0.112456255,
        -0.1713999,
        0.51973975,
        0.82936466
      ],
      "translation": [
        0.053224176,
        -0.0029196474,
        -0.23713368
      ]
    },
    "focal_length": [
      608.0,
      609.6
    ],
    "optical_center": [
      320.0,
      240.0
    ],
    "field_of_view": [
      0.9689559,
      0.75012857
    ],
    "horizon": {
      "left_horizon_y": -65.23709,
      "right_horizon_y": -26.924385
    }
  },
  "crossings": {
    "border_line_0": [
      636.9353,
      108.443596
    ],
    "border_line_1": [
      417.1846,
      41.677803
    ],
    "goal_box_line_0": [
      462.40042,
      88.24833
    ],
    "goal_box_line_1": [
      638.502,
      161.408
    ],
    "connecting_line_0": [
      462.52374,
      88.818726
    ],
    "connecting_line_1": [
      567.8995,
      87.631676
    ]
  }
}