{
  "position": "Bottom",
  "camera_matrix": {
    "camera_to_head": {
      "rotation": [
        -0.0019643677,
        -0.047894716,
        0.010701526,
        0.9987932
      ],
      "translation": [
        0.05871,
        0.0,
        0.06364
      ]
    },
    "camera_to_ground": {
      "rotation": [
        -0.028363403,
        0.2220185,
        0.14516114,
        0.9637593
      ],
      "translation": [
        0.098627955,
        0.024961196,
        0.37638444
      ]
    },
    "ground_to_camera": {
      "rotation": [
        0.028363407,
        -0.22201851,
        -0.14516112,
        0.9637593
      ],
      "translation": [
        0.07275303,
        0.0012859823,
        -0.38304195
      ]
    },
    "camera_to_robot": {
      "rotation": [
        -0.028591754,
        0.21231024,
        0.14513862,
        0.96594095
      ],
      "translation": [
        0.07963388,
        0.022561295,
        0.23692341
      ]
    },
    "robot_to_camera": {
      "rotation": [
        0.028591758,
        -0.21231024,
        -0.1451386,
        0.96594095
      ],
      "translation": [
        0.023990609,
        0.00020687561,
        -0.24981529
      ]
    },
    "focal_length": [
      608.0,
      609.6
    ],
    "optical_center": [
      320.0,
      240.0
    ],
    "field_of_view": [
      0.9689559,
      0.75012857
    ],
    "horizon": {
      "left_horizon_y": -52.012787,
      "right_horizon_y": -58.980553
    }
  },
  "crossings": {
    "border_line_0": [
      196.1273,
      11.984198
    ],
    "border_line_1": [
      633.51294,
      188.2997
    ],
    "goal_box_line_0": [
      130.65262,
      62.22957
    ],
    "goal_box_line_1": [
      400.73547,
      468.03696
    ],
    "connecting_line_0": [
      130.82413,
      61.846092
    ],
    "connecting_line_1": [
      279.55612,
      45.2351
    ]
  }
}