{
  "camera_matrix": {
    "camera_to_head": {
      "rotation": [
        -0.0019643677,
        -0.047894716,
        0.010701526,
        0.9987932
      ],
      "translation": [
        0.05871,
        0.0,
        0.06364
      ]
    },
    "camera_to_ground": {
      "rotation": [
        -0.027973209,
        -0.014595067,
        -0.3235619,
        0.94568115
      ],
      "translation": [
        0.062237594,
        -0.04076137,
        0.50145084
      ]
    },
    "ground_to_camera": {
      "rotation": [
        0.027973209,
        0.014595066,
        0.3235619,
        0.94568115
      ],
      "translation": [
        -0.097010694,
        0.015818644,
        -0.49731946
      ]
    },
    "camera_to_robot": {
      "rotation": [
        -0.020003876,
        -0.050245814,
        -0.32416478,
        0.94445366
      ],
      "translation": [
        0.044941016,
        -0.036541115,
        0.2758581
      ]
    },
    "robot_to_camera": {
      "rotation": [
        0.020003876,
        0.050245814,
        0.32416478,
        0.94445366
      ],
      "translation": [
        -0.08732957,
        0.0026608037,
        -0.2679909
      ]
    },
    "focal_length": [
      608.0,
      609.6
    ],
    "optical_center": [
      320.0,
      240.0
    ],
    "field_of_view": [
      0.9689559,
      0.75012857
    ],
    "horizon": {
      "left_horizon_y": 253.9459,
      "right_horizon_y": 281.84717
    }
  },
  "crossings": {
    "border_line_0": [
      629.6049,
      438.9658
    ],
    "border_line_1": [
      33.85213,
      329.22916
    ],
    "goal_box_line_0": [
      398.6928,
      439.42828
    ],
    "goal_box_line_1": [
      34.297276,
      355.55048
    ],
    "connecting_line_0": [
      398.48468,
      438.99084
    ],
    "connecting_line_1": [
      469.9852,
      409.29147
    ]
  },
  "position": "Top"
}
