{
  "position": "Bottom",
  "camera_matrix": {
    "camera_to_head": {
      "rotation": [
        -0.0019643677,
        -0.047894716,
        0.010701526,
        0.9987932
      ],
      "translation": [
        0.05871,
        0.0,
        0.06364
      ]
    },
    "camera_to_ground": {
      "rotation": [
        0.016567918,
        0.2613228,
        -0.036133375,
        0.964433
      ],
      "translation": [
        0.08607413,
        -0.012237599,
        0.45885614
      ]
    },
    "ground_to_camera": {
      "rotation": [
        -0.016567918,
        -0.2613228,
        0.03613337,
        0.964433
      ],
      "translation": [
        0.1569984,
        -0.0005437832,
        -0.43983936
      ]
    },
    "camera_to_robot": {
      "rotation": [
        0.012982946,
        0.24001679,
        -0.036844544,
        0.9699827
      ],
      "translation": [
        0.083608314,
        -0.008238344,
        0.23244512
      ]
    },
    "robot_to_camera": {
      "rotation": [
        -0.012982946,
        -0.24001677,
        0.03684454,
        0.9699827
      ],
      "translation": [
        0.03416864,
        -0.00002725306,
        -0.24478859
      ]
    },
    "focal_length": [
      608.0,
      609.6
    ],
    "optical_center": [
      320.0,
      240.0
    ],
    "field_of_view": [
      0.9689559,
      0.75012857
    ],
    "horizon": {
      "left_horizon_y": -112.08975,
      "right_horizon_y": -121.795944
    }
  },
  "crossings": {
    "border_line_0": [
      613.784,
      203.86432
    ],
    "border_line_1": [
      11.681655,
      86.56025
    ],
    "goal_box_line_0": [
      158.7757,
      344.74368
    ],
    "goal_box_line_1": [
      5.590313,
      288.28943
    ],
    "connecting_line_0": [
      158.2419,
      343.72427
    ],
    "connecting_line_1": [
      370.15735,
      157.1512
    ]
  }
}