{
  "position": "Bottom",
  "camera_matrix": {
    "camera_to_head": {
      "rotation": [
        -0.0019643677,
        -0.047894716,
        0.010701526,
        0.9987932
      ],
      "translation": [
        0.05871,
        0.0,
        0.06364
      ]
    },
    "camera_to_ground": {
      "rotation": [
        0.004224144,
        0.25988537,
        -0.0059145577,
        0.96561223
      ],
      "translation": [
        0.10384769,
        -0.00046529307,
        0.37011266
      ]
    },
    "ground_to_camera": {
      "rotation": [
        -0.004224144,
        -0.25988537,
        0.005914558,
        0.96561223
      ],
      "translation": [
        0.09596,
        -0.0028304355,
        -0.37222522
      ]
    },
    "camera_to_robot": {
      "rotation": [
        0.005495865,
        0.24923068,
        -0.0055570584,
        0.9684127
      ],
      "translation": [
        0.08433633,
        -0.0028507987,
        0.23089513
      ]
    },
    "robot_to_camera": {
      "rotation": [
        -0.005495865,
        -0.24923068,
        0.0055570593,
        0.9684127
      ],
      "translation": [
        0.03759419,
        -0.00010649976,
        -0.24294028
      ]
    },
    "focal_length": [
      608.0,
      609.6
    ],
    "optical_center": [
      320.0,
      240.0
    ],
    "field_of_view": [
      0.9689559,
      0.75012857
    ],
    "horizon": {
      "left_horizon_y": -111.90372,
      "right_horizon_y": -115.66947
    }
  },
  "crossings": {
    "border_line_0": [
      628.97284,
      204.56577
    ],
    "border_line_1": [
      99.43858,
      11.382963
    ],
    "goal_box_line_0": [
      246.66751,
      446.16904
    ],
    "goal_box_line_1": [
      3.4590187,
      181.95784
    ],
    "connecting_line_0": [
      246.42856,
      446.77798
    ],
    "connecting_line_1": [
      632.09076,
      205.45412
    ]
  }
}