{
  "position": "Bottom",
  "camera_matrix": {
    "camera_to_head": {
      "rotation": [
        0.005255674,
        0.29767695,
        -0.009427623,
        0.9546056
      ],
      "translation": [
        0.05071,
        0.0,
        0.01774
      ]
    },
    "camera_to_ground": {
      "rotation": [
        0.11457989,
        0.112346694,
        -0.83019644,
        0.53387564
      ],
      "translation": [
        0.0012885537,
        -0.037973594,
        0.47261217
      ]
    },
    "ground_to_camera": {
      "rotation": [
        -0.114579886,
        -0.11234669,
        0.83019644,
        0.53387564
      ],
      "translation": [
        0.11444351,
        0.013796512,
        -0.4599111
      ]
    },
    "camera_to_robot": {
      "rotation": [
        0.15097737,
        0.09270521,
        -0.82437676,
        0.5376005
      ],
      "translation": [
        -0.017332457,
        -0.041297927,
        0.24116947
      ]
    },
    "robot_to_camera": {
      "rotation": [
        -0.15097737,
        -0.092705205,
        0.82437676,
        0.5376005
      ],
      "translation": [
        0.04209909,
        -0.0031555216,
        -0.24163267
      ]
    },
    "focal_length": [
      608.0,
      609.6
    ],
    "optical_center": [
      320.0,
      240.0
    ],
    "field_of_view": [
      0.9689559,
      0.75012857
    ],
    "horizon": {
      "left_horizon_y": 18.915344,
      "right_horizon_y": 62.278267
    }
  },
  "crossings": {
    "border_line_0": [
      620.7367,
      242.43576
    ],
    "border_line_1": [
      22.033657,
      135.24664
    ],
    "goal_box_line_0": [
      439.79636,
      263.75253
    ],
    "goal_box_line_1": [
      6.116392,
      174.51373
    ],
    "connecting_line_0": [
      438.78467,
      264.25937
    ],
    "connecting_line_1": [
      472.4171,
      215.8331
    ]
  }
}