{
  "position": "Bottom",
  "camera_matrix": {
    "camera_to_head": {
      "rotation": [
        0.005255674,
        0.29767695,
        -0.009427623,
        0.9546056
      ],
      "translation": [
        0.05071,
        0.0,
        0.01774
      ]
    },
    "camera_to_ground": {
      "rotation": [
        -0.04300903,
        0.18727054,
        0.35121408,
        0.9163668
      ],
      "translation": [
        0.058777213,
        0.023429502,
        0.38162845
      ]
    },
    "ground_to_camera": {
      "rotation": [
        0.04300903,
        -0.18727055,
        -0.35121408,
        0.9163668
      ],
      "translation": [
        0.08765297,
        0.0010984936,
        -0.37677544
      ]
    },
    "camera_to_robot": {
      "rotation": [
        -0.057154868,
        0.16450454,
        0.34909114,
        0.92076415
      ],
      "translation": [
        0.03286654,
        0.030155884,
        0.24144371
      ]
    },
    "robot_to_camera": {
      "rotation": [
        0.057154868,
        -0.16450456,
        -0.34909114,
        0.92076415
      ],
      "translation": [
        0.0408815,
        -0.0031806412,
        -0.24208105
      ]
    },
    "focal_length": [
      608.0,
      609.6
    ],
    "optical_center": [
      320.0,
      240.0
    ],
    "field_of_view": [
      0.9689559,
      0.75012857
    ],
    "horizon": {
      "left_horizon_y": 12.472427,
      "right_horizon_y": -23.99725
    }
  },
  "crossings": {
    "border_line_0": [
      595.3674,
      118.78019
    ],
    "border_line_1": [
      106.50693,
      74.055756
    ],
    "goal_box_line_0": [
      319.32425,
      132.60469
    ],
    "goal_box_line_1": [
      76.89812,
      92.01374
    ],
    "connecting_line_0": [
      319.19897,
      132.41583
    ],
    "connecting_line_1": [
      433.73392,
      104.72636
    ]
  }
}