{
  "position": "Bottom",
  "camera_matrix": {
    "camera_to_head": {
      "rotation": [
        0.005255674,
        0.29767695,
        -0.009427623,
        0.9546056
      ],
      "translation": [
        0.05071,
        0.0,
        0.01774
      ]
    },
    "camera_to_ground": {
      "rotation": [
        0.011872944,
        -0.04820542,
        -0.1351932,
        0.98957425
      ],
      "translation": [
        0.03827051,
        -0.027135227,
        0.40029332
      ]
    },
    "ground_to_camera": {
      "rotation": [
        -0.011872945,
        0.048205446,
        0.13519318,
        0.98957425
      ],
      "translation": [
        -0.08089046,
        0.0013158382,
        -0.39482993
      ]
    },
    "camera_to_robot": {
      "rotation": [
        0.0012030937,
        -0.05497362,
        -0.13450518,
        0.98938584
      ],
      "translation": [
        0.025864147,
        -0.0067758267,
        0.2580977
      ]
    },
    "robot_to_camera": {
      "rotation": [
        -0.0012030944,
        0.054973647,
        0.13450518,
        0.98938584
      ],
      "translation": [
        -0.054568663,
        -0.0047811284,
        -0.253631
      ]
    },
    "focal_length": [
      608.0,
      609.6
    ],
    "optical_center": [
      320.0,
      240.0
    ],
    "field_of_view": [
      0.9689559,
      0.75012857
    ],
    "horizon": {
      "left_horizon_y": 308.25998,
      "right_horizon_y": 284.73837
    }
  },
  "crossings": {
    "border_line_0": [
      620.9024,
      409.42056
    ],
    "border_line_1": [
      263.10123,
      354.46747
    ],
    "goal_box_line_0": [
      430.40787,
      421.53775
    ],
    "goal_box_line_1": [
      200.6828,
      365.5055
    ],
    "connecting_line_0": [
      430.7509,
      420.66672
    ],
    "connecting_line_1": [
      552.8475,
      398.94525
    ]
  }
}