{
  "position": "Bottom",
  "camera_matrix": {
    "camera_to_head": {
      "rotation": [
        0.005255674,
        0.29767695,
        -0.009427623,
        0.9546056
      ],
      "translation": [
        0.05071,
        0.0,
        0.01774
      ]
    },
    "camera_to_ground": {
      "rotation": [
        -0.10780648,
        0.12266022,
        0.80117667,
        0.5757149
      ],
      "translation": [
        -0.0003236644,
        0.038564987,
        0.4727118
      ]
    },
    "ground_to_camera": {
      "rotation": [
        0.10780648,
        -0.12266021,
        -0.80117667,
        0.5757149
      ],
      "translation": [
        0.11376367,
        -0.022697877,
        -0.45987654
      ]
    },
    "camera_to_robot": {
      "rotation": [
        -0.13732593,
        0.10586685,
        0.79662806,
        0.5790658
      ],
      "translation": [
        -0.014494631,
        0.042135354,
        0.24151209
      ]
    },
    "robot_to_camera": {
      "rotation": [
        0.13732593,
        -0.10586684,
        -0.79662806,
        0.5790658
      ],
      "translation": [
        0.04057671,
        -0.0031869179,
        -0.24219197
      ]
    },
    "focal_length": [
      608.0,
      609.6
    ],
    "optical_center": [
      320.0,
      240.0
    ],
    "field_of_view": [
      0.9689559,
      0.75012857
    ],
    "horizon": {
      "left_horizon_y": 62.3571,
      "right_horizon_y": 13.349243
    }
  },
  "crossings": {
    "border_line_0": [
      19.509247,
      186.61548
    ],
    "border_line_1": [
      619.14307,
      142.02979
    ],
    "goal_box_line_0": [
      518.4442,
      173.001
    ],
    "goal_box_line_1": [
      13.026721,
      209.709
    ],
    "connecting_line_0": [
      518.71783,
      173.28621
    ],
    "connecting_line_1": [
      484.0448,
      152.04263
    ]
  }
}