{
  "position": "Bottom",
  "camera_matrix": {
    "camera_to_head": {
      "rotation": [
        0.005255674,
        0.29767695,
        -0.009427623,
        0.9546056
      ],
      "translation": [
        0.05071,
        0.0,
        0.01774
      ]
    },
    "camera_to_ground": {
      "rotation": [
        0.09035767,
        0.16330555,
        -0.61141306,
        0.76898664
      ],
      "translation": [
        0.026479252,
        -0.041701067,
        0.4702006
      ]
    },
    "ground_to_camera": {
      "rotation": [
        -0.09035766,
        -0.16330557,
        0.6114131,
        0.76898664
      ],
      "translation": [
        0.12679665,
        0.012715058,
        -0.45529073
      ]
    },
    "camera_to_robot": {
      "rotation": [
        0.113585986,
        0.13694672,
        -0.6075409,
        0.7741044
      ],
      "translation": [
        0.011423893,
        -0.043353245,
        0.24110071
      ]
    },
    "robot_to_camera": {
      "rotation": [
        -0.113585986,
        -0.13694674,
        0.60754097,
        0.7741044
      ],
      "translation": [
        0.042403035,
        -0.0031492373,
        -0.24151942
      ]
    },
    "focal_length": [
      608.0,
      609.6
    ],
    "optical_center": [
      320.0,
      240.0
    ],
    "field_of_view": [
      0.9689559,
      0.75012857
    ],
    "horizon": {
      "left_horizon_y": -17.914368,
      "right_horizon_y": 23.905521
    }
  },
  "crossings": {
    "border_line_0": [
      283.09802,
      71.63541
    ],
    "border_line_1": [
      635.7945,
      173.43459
    ],
    "goal_box_line_0": [
      560.13934,
      202.6792
    ],
    "goal_box_line_1": [
      331.03867,
      116.051506
    ],
    "connecting_line_0": [
      331.1061,
      116.62191
    ],
    "connecting_line_1": [
      427.27838,
      113.18795
    ]
  }
}