{
  "position": "Top",
  "camera_matrix": {
    "camera_to_head": {
      "rotation": [
        -0.0019643677,
        -0.047894716,
        0.010701526,
        0.9987932
      ],
      "translation": [
        0.05871,
        0.0,
        0.06364
      ]
    },
    "camera_to_ground": {
      "rotation": [
        0.09859606,
        0.094568916,
        -0.85404485,
        0.5019397
      ],
      "translation": [
        -0.02183249,
        -0.06923046,
        0.47969455
      ]
    },
    "ground_to_camera": {
      "rotation": [
        -0.09859605,
        -0.09456891,
        0.85404485,
        0.5019397
      ],
      "translation": [
        0.0578548,
        0.016024154,
        -0.4814275
      ]
    },
    "camera_to_robot": {
      "rotation": [
        0.129984,
        0.07513589,
        -0.8498325,
        0.5052166
      ],
      "translation": [
        -0.03914027,
        -0.06834598,
        0.24746919
      ]
    },
    "robot_to_camera": {
      "rotation": [
        -0.129984,
        -0.07513589,
        0.8498325,
        0.5052166
      ],
      "translation": [
        -0.0017296448,
        0.0007903012,
        -0.25969312
      ]
    },
    "focal_length": [
      608.0,
      609.6
    ],
    "optical_center": [
      320.0,
      240.0
    ],
    "field_of_view": [
      0.9689559,
      0.75012857
    ],
    "horizon": {
      "left_horizon_y": 52.39087,
      "right_horizon_y": 94.021866
    }
  },
  "crossings": {
    "border_line_0": [
      356.84543,
      163.96902
    ],
    "border_line_1": [
      5.7695274,
      217.86612
    ],
    "goal_box_line_0": [
      336.0181,
      203.4423
    ],
    "goal_box_line_1": [
      2.6882067,
      293.6774
    ],
    "connecting_line_0": [
      336.4806,
      203.37871
    ],
    "connecting_line_1": [
      230.519,
      183.19499
    ]
  }
}