{
  "position": "Top",
  "camera_matrix": {
    "camera_to_head": {
      "rotation": [
        -0.0019643677,
        -0.047894716,
        0.010701526,
        0.9987932
      ],
      "translation": [
        0.05871,
        0.0,
        0.06364
      ]
    },
    "camera_to_ground": {
      "rotation": [
        -0.013203315,
        0.062240135,
        -0.22034283,
        0.97334534
      ],
      "translation": [
        0.08124386,
        -0.020826297,
        0.49176076
      ]
    },
    "ground_to_camera": {
      "rotation": [
        0.013203315,
        -0.062240127,
        0.22034281,
        0.97334534
      ],
      "translation": [
        -0.024971392,
        0.010209398,
        -0.49813163
      ]
    },
    "camera_to_robot": {
      "rotation": [
        0.0047963783,
        0.025266288,
        -0.22046722,
        0.97505546
      ],
      "translation": [
        0.060211077,
        -0.03031132,
        0.26583934
      ]
    },
    "robot_to_camera": {
      "rotation": [
        -0.004796378,
        -0.025266284,
        0.22046721,
        0.97505546
      ],
      "translation": [
        -0.05364488,
        0.0019369796,
        -0.2689483
      ]
    },
    "focal_length": [
      608.0,
      609.6
    ],
    "optical_center": [
      320.0,
      240.0
    ],
    "field_of_view": [
      0.9689559,
      0.75012857
    ],
    "horizon": {
      "left_horizon_y": 151.9267,
      "right_horizon_y": 186.24466
    }
  },
  "crossings": {
    "border_line_0": [
      627.78577,
      391.16003
    ],
    "border_line_1": [
      101.862785,
      234.85867
    ],
    "goal_box_line_0": [
      278.89322,
      361.2063
    ],
    "goal_box_line_1": [
      35.78687,
      251.67007
    ],
    "connecting_line_0": [
      424.68845,
      330.66095
    ],
    "connecting_line_1": [
      278.88937,
      361.10416
    ]
  }
}