{
  "position": "Top",
  "camera_matrix": {
    "camera_to_head": {
      "rotation": [
        -0.0019643677,
        -0.047894716,
        0.010701526,
        0.9987932
      ],
      "translation": [
        0.05871,
        0.0,
        0.06364
      ]
    },
    "camera_to_ground": {
      "rotation": [
        0.018431282,
        0.08832865,
        -0.19034687,
        0.9775619
      ],
      "translation": [
        0.07885045,
        -0.02548756,
        0.39799255
      ]
    },
    "ground_to_camera": {
      "rotation": [
        -0.018431282,
        -0.08832865,
        0.19034687,
        0.9775619
      ],
      "translation": [
        -0.009785257,
        -0.006936604,
        -0.4063511
      ]
    },
    "camera_to_robot": {
      "rotation": [
        0.01932804,
        0.09570009,
        -0.19025311,
        0.9768685
      ],
      "translation": [
        0.06844504,
        -0.029468194,
        0.2555888
      ]
    },
    "robot_to_camera": {
      "rotation": [
        -0.01932804,
        -0.09570009,
        0.19025311,
        0.9768685
      ],
      "translation": [
        -0.02341301,
        0.0012739785,
        -0.26519603
      ]
    },
    "focal_length": [
      608.0,
      609.6
    ],
    "optical_center": [
      320.0,
      240.0
    ],
    "field_of_view": [
      0.9689559,
      0.75012857
    ],
    "horizon": {
      "left_horizon_y": 129.4212,
      "right_horizon_y": 127.85207
    }
  },
  "crossings": {
    "border_line_0": [
      374.57605,
      199.02362
    ],
    "border_line_1": [
      4.981372,
      260.31665
    ],
    "goal_box_line_0": [
      415.17084,
      220.82411
    ],
    "goal_box_line_1": [
      0.44899797,
      324.52914
    ],
    "connecting_line_0": [
      415.16507,
      220.74702
    ],
    "connecting_line_1": [
      312.67984,
      209.34094
    ]
  }
}