{
  "position": "Top",
  "camera_matrix": {
    "camera_to_head": {
      "rotation": [
        -0.0019643677,
        -0.047894716,
        0.010701526,
        0.9987932
      ],
      "translation": [
        0.05871,
        0.0,
        0.06364
      ]
    },
    "camera_to_ground": {
      "rotation": [
        -0.0040864213,
        0.011000025,
        -0.100240916,
        0.9948944
      ],
      "translation": [
        0.066315725,
        -0.015380215,
        0.49755362
      ]
    },
    "ground_to_camera": {
      "rotation": [
        0.004086422,
        -0.011000026,
        0.10024092,
        0.9948944
      ],
      "translation": [
        -0.05755337,
        0.006992286,
        -0.49883127
      ]
    },
    "camera_to_robot": {
      "rotation": [
        -0.0029807293,
        -0.012399521,
        -0.10029368,
        0.9948764
      ],
      "translation": [
        0.061494548,
        -0.013911076,
        0.2708449
      ]
    },
    "robot_to_camera": {
      "rotation": [
        0.0029807293,
        0.012399521,
        0.10029369,
        0.9948764
      ],
      "translation": [
        -0.06985779,
        0.002287314,
        -0.2691593
      ]
    },
    "focal_length": [
      608.0,
      609.6
    ],
    "optical_center": [
      320.0,
      240.0
    ],
    "field_of_view": [
      0.9689559,
      0.75012857
    ],
    "horizon": {
      "left_horizon_y": 223.83586,
      "right_horizon_y": 230.46004
    }
  },
  "crossings": {
    "border_line_0": [
      591.4304,
      305.29932
    ],
    "border_line_1": [
      14.7225065,
      370.11496
    ],
    "goal_box_line_0": [
      558.50714,
      335.0006
    ],
    "goal_box_line_1": [
      113.642715,
      402.76077
    ],
    "connecting_line_0": [
      558.7538,
      334.94666
    ],
    "connecting_line_1": [
      469.60944,
      319.4649
    ]
  }
}