{
  "position": "Top",
  "camera_matrix": {
    "camera_to_head": {
      "rotation": [
        -0.0019643677,
        -0.047894716,
        0.010701526,
        0.9987932
      ],
      "translation": [
        0.05871,
        0.0,
        0.06364
      ]
    },
    "camera_to_ground": {
      "rotation": [
        0.07046144,
        0.09893223,
        -0.78658974,
        0.6054135
      ],
      "translation": [
        -0.0028746855,
        -0.07451842,
        0.48228216
      ]
    },
    "ground_to_camera": {
      "rotation": [
        -0.070461445,
        -0.09893222,
        0.7865897,
        0.6054135
      ],
      "translation": [
        0.040559713,
        0.018258788,
        -0.48598236
      ]
    },
    "camera_to_robot": {
      "rotation": [
        0.09954121,
        0.07572245,
        -0.7834398,
        0.6087531
      ],
      "translation": [
        -0.020612337,
        -0.074022785,
        0.2514084
      ]
    },
    "robot_to_camera": {
      "rotation": [
        -0.09954122,
        -0.07572244,
        0.7834398,
        0.6087531
      ],
      "translation": [
        -0.012027025,
        0.0010208441,
        -0.26261136
      ]
    },
    "focal_length": [
      608.0,
      609.6
    ],
    "optical_center": [
      320.0,
      240.0
    ],
    "field_of_view": [
      0.9689559,
      0.75012857
    ],
    "horizon": {
      "left_horizon_y": 71.88066,
      "right_horizon_y": 118.30403
    }
  },
  "crossings": {
    "border_line_0": [
      500.09695,
      203.2284
    ],
    "border_line_1": [
      10.799075,
      253.16736
    ],
    "goal_box_line_0": [
      493.46606,
      242.75949
    ],
    "goal_box_line_1": [
      4.274152,
      340.05328
    ],
    "connecting_line_0": [
      493.547,
      242.79416
    ],
    "connecting_line_1": [
      384.20734,
      215.30124
    ]
  }
}