{
  "position": "Bottom",
  "camera_matrix": {
    "camera_to_head": {
      "rotation": [
        0.005255674,
        0.29767695,
        -0.009427623,
        0.9546056
      ],
      "translation": [
        0.05071,
        0.0,
        0.01774
      ]
    },
    "camera_to_ground": {
      "rotation": [
        0.045919847,
        0.20325013,
        -0.24154055,
        0.9477541
      ],
      "translation": [
        0.042740725,
        -0.020981953,
        0.46806335
      ]
    },
    "ground_to_camera": {
      "rotation": [
        -0.04591985,
        -0.20325014,
        0.24154057,
        0.9477541
      ],
      "translation": [
        0.14727333,
        0.0032953788,
        -0.4468221
      ]
    },
    "camera_to_robot": {
      "rotation": [
        0.05095865,
        0.18301083,
        -0.24052621,
        0.95187014
      ],
      "translation": [
        0.040459663,
        -0.020915633,
        0.2399915
      ]
    },
    "robot_to_camera": {
      "rotation": [
        -0.050958652,
        -0.18301085,
        0.24052621,
        0.95187014
      ],
      "translation": [
        0.04724227,
        -0.003047905,
        -0.23964399
      ]
    },
    "focal_length": [
      608.0,
      609.6
    ],
    "optical_center": [
      320.0,
      240.0
    ],
    "field_of_view": [
      0.9689559,
      0.75012857
    ],
    "horizon": {
      "left_horizon_y": -35.914734,
      "right_horizon_y": -28.095394
    }
  },
  "crossings": {
    "border_line_0": [
      30.56269,
      78.349174
    ],
    "border_line_1": [
      465.55112,
      43.79753
    ],
    "goal_box_line_0": [
      11.377183,
      107.46467
    ],
    "goal_box_line_1": [
      409.99484,
      66.27634
    ],
    "connecting_line_0": [
      410.1914,
      66.46133
    ],
    "connecting_line_1": [
      344.53363,
      53.943344
    ]
  }
}