{
  "position": "Bottom",
  "camera_matrix": {
    "camera_to_head": {
      "rotation": [
        0.005255674,
        0.29767695,
        -0.009427623,
        0.9546056
      ],
      "translation": [
        0.05071,
        0.0,
        0.01774
      ]
    },
    "camera_to_ground": {
      "rotation": [
        0.0062723416,
        0.2073547,
        -0.017458215,
        0.9780896
      ],
      "translation": [
        0.067191124,
        -0.00322949,
        0.38012546
      ]
    },
    "ground_to_camera": {
      "rotation": [
        -0.006272341,
        -0.20735468,
        0.017458213,
        0.9780896
      ],
      "translation": [
        0.09279676,
        -0.001154115,
        -0.37471038
      ]
    },
    "camera_to_robot": {
      "rotation": [
        0.007874649,
        0.19131558,
        -0.01709632,
        0.9813479
      ],
      "translation": [
        0.045626737,
        -0.00077189703,
        0.23985165
      ]
    },
    "robot_to_camera": {
      "rotation": [
        -0.007874649,
        -0.19131556,
        0.01709632,
        0.9813479
      ],
      "translation": [
        0.04784391,
        -0.0030351542,
        -0.23940125
      ]
    },
    "focal_length": [
      608.0,
      609.6
    ],
    "optical_center": [
      320.0,
      240.0
    ],
    "field_of_view": [
      0.9689559,
      0.75012857
    ],
    "horizon": {
      "left_horizon_y": -28.935059,
      "right_horizon_y": -32.461002
    }
  },
  "crossings": {
    "border_line_0": [
      32.00989,
      48.34532
    ],
    "border_line_1": [
      612.6316,
      106.84417
    ],
    "goal_box_line_0": [
      50.150948,
      78.62281
    ],
    "goal_box_line_1": [
      618.8925,
      161.47737
    ],
    "connecting_line_0": [
      49.7482,
      78.29714
    ],
    "connecting_line_1": [
      158.68126,
      60.863304
    ]
  }
}