{
  "position": "Bottom",
  "camera_matrix": {
    "camera_to_head": {
      "rotation": [
        0.005255674,
        0.29767695,
        -0.009427623,
        0.9546056
      ],
      "translation": [
        0.05071,
        0.0,
        0.01774
      ]
    },
    "camera_to_ground": {
      "rotation": [
        -0.045729697,
        0.13870288,
        0.5671004,
        0.8105961
      ],
      "translation": [
        0.028882237,
        0.031845756,
        0.47465414
      ]
    },
    "ground_to_camera": {
      "rotation": [
        0.045729697,
        -0.1387029,
        -0.56710035,
        0.8105961
      ],
      "translation": [
        0.09328346,
        -0.02379094,
        -0.46677303
      ]
    },
    "camera_to_robot": {
      "rotation": [
        -0.072531156,
        0.11452323,
        0.56419694,
        0.8144353
      ],
      "translation": [
        0.01413276,
        0.039686806,
        0.24483815
      ]
    },
    "robot_to_camera": {
      "rotation": [
        0.072531156,
        -0.11452324,
        -0.5641969,
        0.8144353
      ],
      "translation": [
        0.025133826,
        -0.0034939824,
        -0.24713674
      ]
    },
    "focal_length": [
      608.0,
      609.6
    ],
    "optical_center": [
      320.0,
      240.0
    ],
    "field_of_view": [
      0.9689559,
      0.75012857
    ],
    "horizon": {
      "left_horizon_y": 91.66464,
      "right_horizon_y": 35.99775
    }
  },
  "crossings": {
    "border_line_0": [
      629.13275,
      152.86934
    ],
    "border_line_1": [
      44.31205,
      189.50603
    ],
    "goal_box_line_0": [
      629.549,
      177.76463
    ],
    "goal_box_line_1": [
      104.487404,
      206.61226
    ],
    "connecting_line_0": [
      104.487404,
      206.61226
    ],
    "connecting_line_1": [
      155.18756,
      182.81923
    ]
  }
}