{
  "position": "Bottom",
  "camera_matrix": {
    "camera_to_head": {
      "rotation": [
        0.005255674,
        0.29767695,
        -0.009427623,
        0.9546056
      ],
      "translation": [
        0.05071,
        0.0,
        0.01774
      ]
    },
    "camera_to_ground": {
      "rotation": [
        -0.012522844,
        0.10956462,
        0.3110968,
        0.9439584
      ],
      "translation": [
        0.03175558,
        0.018189289,
        0.47741055
      ]
    },
    "ground_to_camera": {
      "rotation": [
        0.012522841,
        -0.10956461,
        -0.3110968,
        0.9439584
      ],
      "translation": [
        0.066992044,
        -0.017183125,
        -0.47378993
      ]
    },
    "camera_to_robot": {
      "rotation": [
        -0.023895413,
        0.09302078,
        0.3102747,
        0.9457831
      ],
      "translation": [
        0.031307172,
        0.02381831,
        0.24808909
      ]
    },
    "robot_to_camera": {
      "rotation": [
        0.02389541,
        -0.093020774,
        -0.3102747,
        0.9457831
      ],
      "translation": [
        0.008720562,
        -0.003798721,
        -0.2510083
      ]
    },
    "focal_length": [
      608.0,
      609.6
    ],
    "optical_center": [
      320.0,
      240.0
    ],
    "field_of_view": [
      0.9689559,
      0.75012857
    ],
    "horizon": {
      "left_horizon_y": 120.53604,
      "right_horizon_y": 91.29639
    }
  },
  "crossings": {
    "border_line_0": [
      261.79083,
      188.93947
    ],
    "border_line_1": [
      631.451,
      206.5294
    ],
    "goal_box_line_0": [
      631.8826,
      234.1206
    ],
    "goal_box_line_1": [
      407.9117,
      216.28403
    ],
    "connecting_line_0": [
      407.04263,
      215.78107
    ],
    "connecting_line_1": [
      456.71954,
      198.67484
    ]
  }
}