{
  "position": "Top",
  "camera_matrix": {
    "camera_to_head": {
      "rotation": [
        -0.0019643677,
        -0.047894716,
        0.010701526,
        0.9987932
      ],
      "translation": [
        0.05871,
        0.0,
        0.06364
      ]
    },
    "camera_to_ground": {
      "rotation": [
        -0.005686748,
        0.10724582,
        0.05890332,
        0.99247015
      ],
      "translation": [
        0.077482946,
        0.009661114,
        0.4842262
      ]
    },
    "ground_to_camera": {
      "rotation": [
        0.005686748,
        -0.107245825,
        -0.05890333,
        0.99247015
      ],
      "translation": [
        0.02712408,
        -0.0010916393,
        -0.48972955
      ]
    },
    "camera_to_robot": {
      "rotation": [
        -0.0045892,
        0.08375963,
        0.058962468,
        0.99472964
      ],
      "translation": [
        0.07293187,
        0.0070672184,
        0.25762933
      ]
    },
    "robot_to_camera": {
      "rotation": [
        0.0045892,
        -0.083759636,
        -0.05896247,
        0.99472964
      ],
      "translation": [
        -0.029155172,
        0.0014009124,
        -0.26625153
      ]
    },
    "focal_length": [
      608.0,
      609.6
    ],
    "optical_center": [
      320.0,
      240.0
    ],
    "field_of_view": [
      0.9689559,
      0.75012857
    ],
    "horizon": {
      "left_horizon_y": 107.19046,
      "right_horizon_y": 106.307465
    }
  },
  "crossings": {
    "border_line_0": [
      635.36096,
      245.18561
    ],
    "border_line_1": [
      180.93846,
      177.30022
    ],
    "goal_box_line_0": [
      525.46436,
      268.071
    ],
    "goal_box_line_1": [
      180.41817,
      199.42444
    ],
    "connecting_line_0": [
      604.37427,
      240.18112
    ],
    "connecting_line_1": [
      525.3738,
      268.13077
    ]
  }
}