{
  "position": "Top",
  "camera_matrix": {
    "camera_to_head": {
      "rotation": [
        -0.0019643677,
        -0.047894716,
        0.010701526,
        0.9987932
      ],
      "translation": [
        0.05871,
        0.0,
        0.06364
      ]
    },
    "camera_to_ground": {
      "rotation": [
        -0.02946806,
        0.0014529293,
        -0.5838648,
        0.811315
      ],
      "translation": [
        0.024685478,
        -0.060693465,
        0.50121856
      ]
    },
    "ground_to_camera": {
      "rotation": [
        0.029468058,
        -0.0014529256,
        0.5838648,
        0.811315
      ],
      "translation": [
        -0.08142649,
        0.020639202,
        -0.49845448
      ]
    },
    "camera_to_robot": {
      "rotation": [
        -0.016629972,
        -0.019656396,
        -0.58437693,
        0.81107396
      ],
      "translation": [
        0.018203799,
        -0.0587227,
        0.27246872
      ]
    },
    "robot_to_camera": {
      "rotation": [
        0.016629972,
        0.019656397,
        0.5843769,
        0.81107396
      ],
      "translation": [
        -0.07536781,
        0.0024055592,
        -0.26894766
      ]
    },
    "focal_length": [
      608.0,
      609.6
    ],
    "optical_center": [
      320.0,
      240.0
    ],
    "field_of_view": [
      0.9689559,
      0.75012857
    ],
    "horizon": {
      "left_horizon_y": 243.66032,
      "right_horizon_y": 275.4373
    }
  },
  "crossings": {
    "border_line_0": [
      633.61505,
      434.66275
    ],
    "border_line_1": [
      189.0898,
      330.2813
    ],
    "goal_box_line_0": [
      508.0845,
      448.5605
    ],
    "goal_box_line_1": [
      158.43654,
      345.9076
    ],
    "connecting_line_0": [
      508.3138,
      448.732
    ],
    "connecting_line_1": [
      587.5494,
      423.5958
    ]
  }
}