{
  "position": "Top",
  "camera_matrix": {
    "camera_to_head": {
      "rotation": [
        -0.0019643677,
        -0.047894716,
        0.010701526,
        0.9987932
      ],
      "translation": [
        0.05871,
        0.0,
        0.06364
      ]
    },
    "camera_to_ground": {
      "rotation": [
        -0.06487433,
        0.06546001,
        0.8711062,
        0.48236978
      ],
      "translation": [
        -0.029646253,
        0.06289131,
        0.48637623
      ]
    },
    "ground_to_camera": {
      "rotation": [
        0.064874336,
        -0.06546001,
        -0.87110627,
        0.48236978
      ],
      "translation": [
        0.017768595,
        -0.017109185,
        -0.49070114
      ]
    },
    "camera_to_robot": {
      "rotation": [
        -0.09219667,
        0.052354537,
        0.86863863,
        0.48396897
      ],
      "translation": [
        -0.03819029,
        0.06484158,
        0.2543251
      ]
    },
    "robot_to_camera": {
      "rotation": [
        0.09219668,
        -0.052354537,
        -0.86863863,
        0.48396897
      ],
      "translation": [
        -0.019919053,
        0.0011965258,
        -0.26447302
      ]
    },
    "focal_length": [
      608.0,
      609.6
    ],
    "optical_center": [
      320.0,
      240.0
    ],
    "field_of_view": [
      0.9689559,
      0.75012857
    ],
    "horizon": {
      "left_horizon_y": 147.54211,
      "right_horizon_y": 114.00395
    }
  },
  "crossings": {
    "border_line_0": [
      16.846092,
      344.58374
    ],
    "border_line_1": [
      633.5977,
      303.19305
    ],
    "goal_box_line_0": [
      637.7389,
      388.098
    ],
    "goal_box_line_1": [
      407.77875,
      400.66415
    ],
    "connecting_line_0": [
      366.80817,
      321.10095
    ],
    "connecting_line_1": [
      407.87317,
      400.52927
    ]
  }
}