{
  "position": "Top",
  "camera_matrix": {
    "camera_to_head": {
      "rotation": [
        -0.0019643677,
        -0.047894716,
        0.010701526,
        0.9987932
      ],
      "translation": [
        0.05871,
        0.0,
        0.06364
      ]
    },
    "camera_to_ground": {
      "rotation": [
        -0.003654552,
        0.059083972,
        -0.0849552,
        0.9946248
      ],
      "translation": [
        0.07602411,
        -0.00976248,
        0.49141613
      ]
    },
    "ground_to_camera": {
      "rotation": [
        0.003654552,
        -0.05908397,
        0.0849552,
        0.9946248
      ],
      "translation": [
        -0.018597625,
        0.0053121005,
        -0.49698156
      ]
    },
    "camera_to_robot": {
      "rotation": [
        0.0019465666,
        0.031783484,
        -0.084920675,
        0.9958788
      ],
      "translation": [
        0.0668239,
        -0.012975785,
        0.26500803
      ]
    },
    "robot_to_camera": {
      "rotation": [
        -0.0019465666,
        -0.03178348,
        0.084920675,
        0.9958788
      ],
      "translation": [
        -0.051054284,
        0.0018806729,
        -0.26879916
      ]
    },
    "focal_length": [
      608.0,
      609.6
    ],
    "optical_center": [
      320.0,
      240.0
    ],
    "field_of_view": [
      0.9689559,
      0.75012857
    ],
    "horizon": {
      "left_horizon_y": 162.63498,
      "right_horizon_y": 173.80267
    }
  },
  "crossings": {
    "border_line_0": [
      2.8847637,
      344.84583
    ],
    "border_line_1": [
      472.9952,
      258.83478
    ],
    "goal_box_line_0": [
      500.51514,
      292.09338
    ],
    "goal_box_line_1": [
      6.218525,
      434.65887
    ],
    "connecting_line_0": [
      500.37637,
      292.76013
    ],
    "connecting_line_1": [
      390.01346,
      273.4455
    ]
  }
}