{
  "position": "Bottom",
  "camera_matrix": {
    "camera_to_head": {
      "rotation": [
        0.005255674,
        0.29767695,
        -0.009427623,
        0.9546056
      ],
      "translation": [
        0.05071,
        0.0,
        0.01774
      ]
    },
    "camera_to_ground": {
      "rotation": [
        -0.012208237,
        0.06892597,
        0.32088366,
        0.94452804
      ],
      "translation": [
        0.039987285,
        0.015088614,
        0.3923068
      ]
    },
    "ground_to_camera": {
      "rotation": [
        0.012208237,
        -0.06892596,
        -0.32088372,
        0.94452804
      ],
      "translation": [
        0.013660511,
        0.0040233303,
        -0.394371
      ]
    },
    "camera_to_robot": {
      "rotation": [
        -0.018135004,
        0.07406949,
        0.3203874,
        0.9442121
      ],
      "translation": [
        0.02965825,
        0.0235121,
        0.2496285
      ]
    },
    "robot_to_camera": {
      "rotation": [
        0.018135004,
        -0.074069485,
        -0.32038742,
        0.9442121
      ],
      "translation": [
        0.00041109324,
        -0.0039448775,
        -0.25245017
      ]
    },
    "focal_length": [
      608.0,
      609.6
    ],
    "optical_center": [
      320.0,
      240.0
    ],
    "field_of_view": [
      0.9689559,
      0.75012857
    ],
    "horizon": {
      "left_horizon_y": 161.8783,
      "right_horizon_y": 148.17929
    }
  },
  "crossings": {
    "border_line_0": [
      632.2777,
      290.94485
    ],
    "border_line_1": [
      67.39786,
      217.25525
    ],
    "goal_box_line_0": [
      272.67856,
      281.00525
    ],
    "goal_box_line_1": [
      35.580677,
      233.49817
    ],
    "connecting_line_0": [
      382.69846,
      258.53223
    ],
    "connecting_line_1": [
      273.0813,
      280.79904
    ]
  }
}