{
  "position": "Top",
  "camera_matrix": {
    "camera_to_head": {
      "rotation": [
        -0.0019643677,
        -0.047894716,
        0.010701526,
        0.9987932
      ],
      "translation": [
        0.05871,
        0.0,
        0.06364
      ]
    },
    "camera_to_ground": {
      "rotation": [
        -0.03409603,
        0.08014012,
        0.7392191,
        0.6678105
      ],
      "translation": [
        0.008337062,
        0.07035668,
        0.48749453
      ]
    },
    "ground_to_camera": {
      "rotation": [
        0.034096025,
        -0.08014012,
        -0.73921907,
        0.6678105
      ],
      "translation": [
        0.008555647,
        -0.020583387,
        -0.49211138
      ]
    },
    "camera_to_robot": {
      "rotation": [
        -0.062932834,
        0.0577488,
        0.73732305,
        0.6701192
      ],
      "translation": [
        -0.005399145,
        0.073215865,
        0.2574043
      ]
    },
    "robot_to_camera": {
      "rotation": [
        0.06293283,
        -0.057748802,
        -0.737323,
        0.6701192
      ],
      "translation": [
        -0.028515734,
        0.0013868281,
        -0.2661421
      ]
    },
    "focal_length": [
      608.0,
      609.6
    ],
    "optical_center": [
      320.0,
      240.0
    ],
    "field_of_view": [
      0.9689559,
      0.75012857
    ],
    "horizon": {
      "left_horizon_y": 166.30635,
      "right_horizon_y": 118.85339
    }
  },
  "crossings": {
    "border_line_0": [
      633.05426,
      248.2727
    ],
    "border_line_1": [
      12.535329,
      382.89502
    ],
    "goal_box_line_0": [
      125.468895,
      447.1017
    ],
    "goal_box_line_1": [
      76.769005,
      368.95486
    ],
    "connecting_line_0": [
      125.644264,
      446.56213
    ],
    "connecting_line_1": [
      634.20087,
      304.64026
    ]
  }
}