{
  "position": "Bottom",
  "camera_matrix": {
    "camera_to_head": {
      "rotation": [
        0.005255674,
        0.29767695,
        -0.009427623,
        0.9546056
      ],
      "translation": [
        0.05071,
        0.0,
        0.01774
      ]
    },
    "camera_to_ground": {
      "rotation": [
        0.0011478796,
        0.110197686,
        0.13245252,
        0.9850435
      ],
      "translation": [
        0.03522516,
        0.005536807,
        0.47738254
      ]
    },
    "ground_to_camera": {
      "rotation": [
        -0.0011478806,
        -0.1101977,
        -0.13245252,
        0.9850435
      ],
      "translation": [
        0.06891433,
        -0.011174954,
        -0.4735942
      ]
    },
    "camera_to_robot": {
      "rotation": [
        -0.006464999,
        0.09582297,
        0.13191462,
        0.9865973
      ],
      "translation": [
        0.037781514,
        0.010954861,
        0.24808908
      ]
    },
    "robot_to_camera": {
      "rotation": [
        0.0064649982,
        -0.09582298,
        -0.13191462,
        0.9865973
      ],
      "translation": [
        0.008720547,
        -0.0037987179,
        -0.25100827
      ]
    },
    "focal_length": [
      608.0,
      609.6
    ],
    "optical_center": [
      320.0,
      240.0
    ],
    "field_of_view": [
      0.9689559,
      0.75012857
    ],
    "horizon": {
      "left_horizon_y": 114.89444,
      "right_horizon_y": 94.24118
    }
  },
  "crossings": {
    "border_line_0": [
      16.067574,
      193.25409
    ],
    "border_line_1": [
      630.7804,
      206.85507
    ],
    "goal_box_line_0": [
      634.3724,
      234.46362
    ],
    "goal_box_line_1": [
      180.61858,
      217.22635
    ],
    "connecting_line_0": [
      179.94604,
      217.17624
    ],
    "connecting_line_1": [
      229.51117,
      197.7749
    ]
  }
}