{
  "position": "Bottom",
  "camera_matrix": {
    "camera_to_head": {
      "rotation": [
        0.005255674,
        0.29767695,
        -0.009427623,
        0.9546056
      ],
      "translation": [
        0.05071,
        0.0,
        0.01774
      ]
    },
    "camera_to_ground": {
      "rotation": [
        -0.115803085,
        0.10812275,
        0.8559386,
        0.49220723
      ],
      "translation": [
        -0.006768575,
        0.035516936,
        0.4729504
      ]
    },
    "ground_to_camera": {
      "rotation": [
        0.115803085,
        -0.108122736,
        -0.8559386,
        0.49220723
      ],
      "translation": [
        0.111753196,
        -0.022019656,
        -0.46045163
      ]
    },
    "camera_to_robot": {
      "rotation": [
        -0.14930052,
        0.092550464,
        0.85071975,
        0.49539828
      ],
      "translation": [
        -0.022742268,
        0.038478017,
        0.24130672
      ]
    },
    "robot_to_camera": {
      "rotation": [
        0.14930052,
        -0.09255045,
        -0.85071975,
        0.49539828
      ],
      "translation": [
        0.041490667,
        -0.0031680998,
        -0.2418578
      ]
    },
    "focal_length": [
      608.0,
      609.6
    ],
    "optical_center": [
      320.0,
      240.0
    ],
    "field_of_view": [
      0.9689559,
      0.75012857
    ],
    "horizon": {
      "left_horizon_y": 68.46701,
      "right_horizon_y": 20.510468
    }
  },
  "crossings": {
    "border_line_0": [
      42.21544,
      181.6977
    ],
    "border_line_1": [
      586.1118,
      162.4563
    ],
    "goal_box_line_0": [
      132.2771,
      200.02568
    ],
    "goal_box_line_1": [
      631.31995,
      185.51129
    ],
    "connecting_line_0": [
      131.7992,
      199.27414
    ],
    "connecting_line_1": [
      181.15814,
      176.99767
    ]
  }
}