{
  "position": "Top",
  "camera_matrix": {
    "camera_to_head": {
      "rotation": [
        -0.0019643677,
        -0.047894716,
        0.010701526,
        0.9987932
      ],
      "translation": [
        0.05871,
        0.0,
        0.06364
      ]
    },
    "camera_to_ground": {
      "rotation": [
        0.04709682,
        0.10301113,
        -0.69673,
        0.7083345
      ],
      "translation": [
        0.019515267,
        -0.074309126,
        0.48378482
      ]
    },
    "ground_to_camera": {
      "rotation": [
        -0.04709682,
        -0.10301114,
        0.69673,
        0.7083345
      ],
      "translation": [
        0.029570483,
        0.019548664,
        -0.48856306
      ]
    },
    "camera_to_robot": {
      "rotation": [
        0.07519099,
        0.07582762,
        -0.69426155,
        0.7117566
      ],
      "translation": [
        0.00022642687,
        -0.07531767,
        0.25420964
      ]
    },
    "robot_to_camera": {
      "rotation": [
        -0.07519099,
        -0.07582763,
        0.69426155,
        0.7117566
      ],
      "translation": [
        -0.019602023,
        0.0011894892,
        -0.2644044
      ]
    },
    "focal_length": [
      608.0,
      609.6
    ],
    "optical_center": [
      320.0,
      240.0
    ],
    "field_of_view": [
      0.9689559,
      0.75012857
    ],
    "horizon": {
      "left_horizon_y": 82.34003,
      "right_horizon_y": 132.85414
    }
  },
  "crossings": {
    "border_line_0": [
      633.247,
      247.58478
    ],
    "border_line_1": [
      12.369603,
      273.84055
    ],
    "goal_box_line_0": [
      72.60662,
      358.51422
    ],
    "goal_box_line_1": [
      637.60205,
      295.88962
    ],
    "connecting_line_0": [
      71.58723,
      359.0191
    ],
    "connecting_line_1": [
      32.025307,
      273.19693
    ]
  }
}