{
  "position": "Bottom",
  "camera_matrix": {
    "camera_to_head": {
      "rotation": [
        0.005255674,
        0.29767695,
        -0.009427623,
        0.9546056
      ],
      "translation": [
        0.05071,
        0.0,
        0.01774
      ]
    },
    "camera_to_ground": {
      "rotation": [
        0.12125969,
        0.0959534,
        -0.86934876,
        0.46938396
      ],
      "translation": [
        -0.006428657,
        -0.034849256,
        0.47311163
      ]
    },
    "ground_to_camera": {
      "rotation": [
        -0.12125969,
        -0.09595339,
        0.8693488,
        0.46938396
      ],
      "translation": [
        0.11132797,
        0.011619224,
        -0.4610439
      ]
    },
    "camera_to_robot": {
      "rotation": [
        0.15704322,
        0.080369234,
        -0.8636249,
        0.47226045
      ],
      "translation": [
        -0.023473844,
        -0.038089808,
        0.24123813
      ]
    },
    "robot_to_camera": {
      "rotation": [
        -0.15704322,
        -0.08036923,
        0.86362493,
        0.47226045
      ],
      "translation": [
        0.04179497,
        -0.0031618245,
        -0.24174547
      ]
    },
    "focal_length": [
      608.0,
      609.6
    ],
    "optical_center": [
      320.0,
      240.0
    ],
    "field_of_view": [
      0.9689559,
      0.75012857
    ],
    "horizon": {
      "left_horizon_y": 29.492813,
      "right_horizon_y": 65.15383
    }
  },
  "crossings": {
    "border_line_0": [
      579.3075,
      237.90723
    ],
    "border_line_1": [
      20.449638,
      160.73161
    ],
    "goal_box_line_0": [
      339.9974,
      259.08334
    ],
    "goal_box_line_1": [
      6.8448095,
      209.18677
    ],
    "connecting_line_0": [
      339.60043,
      259.2433
    ],
    "connecting_line_1": [
      369.81433,
      209.52786
    ]
  }
}