{
  "position": "Bottom",
  "camera_matrix": {
    "camera_to_head": {
      "rotation": [
        -0.0019643677,
        -0.047894716,
        0.010701526,
        0.9987932
      ],
      "translation": [
        0.05871,
        0.0,
        0.06364
      ]
    },
    "camera_to_ground": {
      "rotation": [
        -0.04397054,
        0.18404956,
        0.3786689,
        0.90598214
      ],
      "translation": [
        0.0760757,
        0.053902786,
        0.47066414
      ]
    },
    "ground_to_camera": {
      "rotation": [
        0.043970548,
        -0.18404956,
        -0.37866884,
        0.90598214
      ],
      "translation": [
        0.08741888,
        -0.012912206,
        -0.47160262
      ]
    },
    "camera_to_robot": {
      "rotation": [
        -0.0594035,
        0.14936523,
        0.37655023,
        0.9123442
      ],
      "translation": [
        0.057589754,
        0.05482641,
        0.24576956
      ]
    },
    "robot_to_camera": {
      "rotation": [
        0.059403505,
        -0.14936523,
        -0.3765502,
        0.9123442
      ],
      "translation": [
        0.0025918856,
        0.0006931067,
        -0.25829828
      ]
    },
    "focal_length": [
      608.0,
      609.6
    ],
    "optical_center": [
      320.0,
      240.0
    ],
    "field_of_view": [
      0.9689559,
      0.75012857
    ],
    "horizon": {
      "left_horizon_y": 19.792755,
      "right_horizon_y": -21.416492
    }
  },
  "crossings": {
    "border_line_0": [
      627.9284,
      294.47327
    ],
    "border_line_1": [
      18.590057,
      186.61548
    ],
    "goal_box_line_0": [
      260.98727,
      465.23892
    ],
    "goal_box_line_1": [
      2.591855,
      348.2316
    ],
    "connecting_line_0": [
      260.41687,
      465.2601
    ],
    "connecting_line_1": [
      470.40143,
      267.03427
    ]
  }
}