{
  "position": "Top",
  "camera_matrix": {
    "camera_to_head": {
      "rotation": [
        -0.0019643677,
        -0.047894716,
        0.010701526,
        0.9987932
      ],
      "translation": [
        0.05871,
        0.0,
        0.06364
      ]
    },
    "camera_to_ground": {
      "rotation": [
        0.010856667,
        0.08802849,
        -0.114955045,
        0.9894035
      ],
      "translation": [
        0.08148406,
        -0.01504989,
        0.39856082
      ]
    },
    "ground_to_camera": {
      "rotation": [
        -0.010856667,
        -0.08802848,
        0.11495505,
        0.9894035
      ],
      "translation": [
        -0.011041667,
        -0.0045386995,
        -0.4069083
      ]
    },
    "camera_to_robot": {
      "rotation": [
        0.011938201,
        0.09689975,
        -0.11484129,
        0.9885746
      ],
      "translation": [
        0.072144024,
        -0.018663798,
        0.25558877
      ]
    },
    "robot_to_camera": {
      "rotation": [
        -0.011938201,
        -0.09689974,
        0.11484129,
        0.9885746
      ],
      "translation": [
        -0.023413002,
        0.0012739814,
        -0.265196
      ]
    },
    "focal_length": [
      608.0,
      609.6
    ],
    "optical_center": [
      320.0,
      240.0
    ],
    "field_of_view": [
      0.9689559,
      0.75012857
    ],
    "horizon": {
      "left_horizon_y": 130.97539,
      "right_horizon_y": 130.16524
    }
  },
  "crossings": {
    "border_line_0": [
      494.04803,
      200.23766
    ],
    "border_line_1": [
      18.551514,
      270.44513
    ],
    "goal_box_line_0": [
      514.24713,
      226.75745
    ],
    "goal_box_line_1": [
      4.5323744,
      337.8642
    ],
    "connecting_line_0": [
      514.5246,
      227.20642
    ],
    "connecting_line_1": [
      404.82654,
      213.3376
    ]
  }
}