{
  "position": "Bottom",
  "camera_matrix": {
    "camera_to_head": {
      "rotation": [
        0.005255674,
        0.29767695,
        -0.009427623,
        0.9546056
      ],
      "translation": [
        0.05071,
        0.0,
        0.01774
      ]
    },
    "camera_to_ground": {
      "rotation": [
        0.008813922,
        0.0025799796,
        -0.12070519,
        0.9926456
      ],
      "translation": [
        0.020048186,
        -0.0084941555,
        0.4843084
      ]
    },
    "ground_to_camera": {
      "rotation": [
        -0.008813921,
        -0.0025799733,
        0.120705195,
        0.9926456
      ],
      "translation": [
        -0.017987708,
        -0.004732723,
        -0.48444062
      ]
    },
    "camera_to_robot": {
      "rotation": [
        0.007779658,
        -0.0008291866,
        -0.12067475,
        0.9926611
      ],
      "translation": [
        0.030831326,
        -0.0071238484,
        0.25491533
      ]
    },
    "robot_to_camera": {
      "rotation": [
        -0.007779657,
        0.0008291929,
        0.12067476,
        0.9926611
      ],
      "translation": [
        -0.03158115,
        -0.004458826,
        -0.25488406
      ]
    },
    "focal_length": [
      608.0,
      609.6
    ],
    "optical_center": [
      320.0,
      240.0
    ],
    "field_of_view": [
      0.9689559,
      0.75012857
    ],
    "horizon": {
      "left_horizon_y": 240.99503,
      "right_horizon_y": 230.18146
    }
  },
  "crossings": {
    "border_line_0": [
      12.593139,
      351.85248
    ],
    "border_line_1": [
      572.4569,
      298.11148
    ],
    "goal_box_line_0": [
      164.82079,
      361.5628
    ],
    "goal_box_line_1": [
      588.7037,
      314.4739
    ],
    "connecting_line_0": [
      588.1063,
      314.93832
    ],
    "connecting_line_1": [
      514.4302,
      303.61508
    ]
  }
}