{
  "position": "Top",
  "camera_matrix": {
    "camera_to_head": {
      "rotation": [
        -0.0019643677,
        -0.047894716,
        0.010701526,
        0.9987932
      ],
      "translation": [
        0.05871,
        0.0,
        0.06364
      ]
    },
    "camera_to_ground": {
      "rotation": [
        0.048619144,
        0.11883222,
        -0.62411743,
        0.77070963
      ],
      "translation": [
        0.03352461,
        -0.074232966,
        0.48109233
      ]
    },
    "ground_to_camera": {
      "rotation": [
        -0.048619144,
        -0.11883222,
        0.6241174,
        0.77070963
      ],
      "translation": [
        0.04030145,
        0.018718716,
        -0.48591116
      ]
    },
    "camera_to_robot": {
      "rotation": [
        0.07291346,
        0.08915185,
        -0.62174785,
        0.77470356
      ],
      "translation": [
        0.014827915,
        -0.07456797,
        0.25293267
      ]
    },
    "robot_to_camera": {
      "rotation": [
        -0.07291346,
        -0.08915186,
        0.62174785,
        0.77470356
      ],
      "translation": [
        -0.016122002,
        0.0011121142,
        -0.26361722
      ]
    },
    "focal_length": [
      608.0,
      609.6
    ],
    "optical_center": [
      320.0,
      240.0
    ],
    "field_of_view": [
      0.9689559,
      0.75012857
    ],
    "horizon": {
      "left_horizon_y": 61.92708,
      "right_horizon_y": 110.54843
    }
  },
  "crossings": {
    "border_line_0": [
      14.173303,
      252.28479
    ],
    "border_line_1": [
      626.8473,
      251.39835
    ],
    "goal_box_line_0": [
      206.08812,
      333.8155
    ],
    "goal_box_line_1": [
      636.62506,
      313.5412
    ],
    "connecting_line_0": [
      205.60251,
      333.6363
    ],
    "connecting_line_1": [
      169.71928,
      252.21735
    ]
  }
}