{
  "position": "Bottom",
  "camera_matrix": {
    "camera_to_head": {
      "rotation": [
        0.005255674,
        0.29767695,
        -0.009427623,
        0.9546056
      ],
      "translation": [
        0.05071,
        0.0,
        0.01774
      ]
    },
    "camera_to_ground": {
      "rotation": [
        0.0050702775,
        0.04988123,
        0.062652096,
        0.99677503
      ],
      "translation": [
        0.05487087,
        0.0020755162,
        0.39336145
      ]
    },
    "ground_to_camera": {
      "rotation": [
        -0.0050702775,
        -0.049881253,
        -0.062652096,
        0.99677503
      ],
      "translation": [
        -0.015561068,
        -0.0016681736,
        -0.396867
      ]
    },
    "camera_to_robot": {
      "rotation": [
        0.005047314,
        0.03577476,
        0.06274821,
        0.99737513
      ],
      "translation": [
        0.034281865,
        0.004869043,
        0.25257623
      ]
    },
    "robot_to_camera": {
      "rotation": [
        -0.005047314,
        -0.035774782,
        -0.06274821,
        0.99737513
      ],
      "translation": [
        -0.016671062,
        -0.0042288145,
        -0.2543578
      ]
    },
    "focal_length": [
      608.0,
      609.6
    ],
    "optical_center": [
      320.0,
      240.0
    ],
    "field_of_view": [
      0.9689559,
      0.75012857
    ],
    "horizon": {
      "left_horizon_y": 184.73871,
      "right_horizon_y": 174.20535
    }
  },
  "crossings": {
    "border_line_0": [
      130.19785,
      240.83054
    ],
    "border_line_1": [
      633.97736,
      302.63422
    ],
    "goal_box_line_0": [
      167.70747,
      271.6399
    ],
    "goal_box_line_1": [
      630.3025,
      355.35004
    ],
    "connecting_line_0": [
      166.10225,
      270.8517
    ],
    "connecting_line_1": [
      263.60803,
      256.2641
    ]
  }
}