{
  "position": "Bottom",
  "camera_matrix": {
    "camera_to_head": {
      "rotation": [
        0.005255674,
        0.29767695,
        -0.009427623,
        0.9546056
      ],
      "translation": [
        0.05071,
        0.0,
        0.01774
      ]
    },
    "camera_to_ground": {
      "rotation": [
        -0.09927079,
        0.13844301,
        0.7442782,
        0.64577705
      ],
      "translation": [
        0.008114068,
        0.037967097,
        0.47241056
      ]
    },
    "ground_to_camera": {
      "rotation": [
        0.09927078,
        -0.13844301,
        -0.7442782,
        0.64577705
      ],
      "translation": [
        0.12001169,
        -0.023917167,
        -0.45793474
      ]
    },
    "camera_to_robot": {
      "rotation": [
        -0.12989499,
        0.12048119,
        0.7395095,
        0.64941263
      ],
      "translation": [
        -0.0065707825,
        0.044303022,
        0.24116945
      ]
    },
    "robot_to_camera": {
      "rotation": [
        0.12989499,
        -0.120481186,
        -0.7395095,
        0.64941263
      ],
      "translation": [
        0.042099103,
        -0.003155518,
        -0.24163267
      ]
    },
    "focal_length": [
      608.0,
      609.6
    ],
    "optical_center": [
      320.0,
      240.0
    ],
    "field_of_view": [
      0.9689559,
      0.75012857
    ],
    "horizon": {
      "left_horizon_y": 55.173813,
      "right_horizon_y": 2.2119713
    }
  },
  "crossings": {
    "border_line_0": [
      286.87885,
      130.98213
    ],
    "border_line_1": [
      637.0953,
      132.57964
    ],
    "goal_box_line_0": [
      410.941,
      151.53775
    ],
    "goal_box_line_1": [
      637.1415,
      159.10327
    ],
    "connecting_line_0": [
      410.2685,
      150.9712
    ],
    "connecting_line_1": [
      460.82025,
      131.69127
    ]
  }
}