{
  "position": "Bottom",
  "camera_matrix": {
    "camera_to_head": {
      "rotation": [
        0.005255674,
        0.29767695,
        -0.009427623,
        0.9546056
      ],
      "translation": [
        0.05071,
        0.0,
        0.01774
      ]
    },
    "camera_to_ground": {
      "rotation": [
        0.024471845,
        0.14626114,
        -0.1303695,
        0.9803121
      ],
      "translation": [
        0.037967492,
        -0.013463876,
        0.4732676
      ]
    },
    "ground_to_camera": {
      "rotation": [
        -0.024471845,
        -0.14626114,
        0.1303695,
        0.9803121
      ],
      "translation": [
        0.10033808,
        -0.0016453201,
        -0.46425706
      ]
    },
    "camera_to_robot": {
      "rotation": [
        0.023198742,
        0.13201924,
        -0.13043006,
        0.98235446
      ],
      "translation": [
        0.04075002,
        -0.0102757495,
        0.24496725
      ]
    },
    "robot_to_camera": {
      "rotation": [
        -0.023198742,
        -0.13201924,
        0.13043006,
        0.98235446
      ],
      "translation": [
        0.02450858,
        -0.0035060155,
        -0.24730983
      ]
    },
    "focal_length": [
      608.0,
      609.6
    ],
    "optical_center": [
      320.0,
      240.0
    ],
    "field_of_view": [
      0.9689559,
      0.75012857
    ],
    "horizon": {
      "left_horizon_y": 56.38179,
      "right_horizon_y": 49.78469
    }
  },
  "crossings": {
    "border_line_0": [
      631.54926,
      218.28813
    ],
    "border_line_1": [
      22.392086,
      169.40132
    ],
    "goal_box_line_0": [
      474.92032,
      262.42868
    ],
    "goal_box_line_1": [
      4.9216337,
      210.70912
    ],
    "connecting_line_0": [
      474.90106,
      262.6638
    ],
    "connecting_line_1": [
      497.42416,
      207.45052
    ]
  }
}