{
  "position": "Bottom",
  "camera_matrix": {
    "camera_to_head": {
      "rotation": [
        0.005255674,
        0.29767695,
        -0.009427623,
        0.9546056
      ],
      "translation": [
        0.05071,
        0.0,
        0.01774
      ]
    },
    "camera_to_ground": {
      "rotation": [
        -0.063154005,
        0.18335408,
        0.42944458,
        0.88202584
      ],
      "translation": [
        0.026291825,
        0.02892449,
        0.47007972
      ]
    },
    "ground_to_camera": {
      "rotation": [
        0.063154005,
        -0.1833541,
        -0.42944458,
        0.88202584
      ],
      "translation": [
        0.14147508,
        -0.019156912,
        -0.4495783
      ]
    },
    "camera_to_robot": {
      "rotation": [
        -0.07742139,
        0.17100592,
        0.42698085,
        0.88456196
      ],
      "translation": [
        0.02761083,
        0.036057126,
        0.2402008
      ]
    },
    "robot_to_camera": {
      "rotation": [
        0.07742139,
        -0.17100592,
        -0.42698085,
        0.88456196
      ],
      "translation": [
        0.04633847,
        -0.003066986,
        -0.24000466
      ]
    },
    "focal_length": [
      608.0,
      609.6
    ],
    "optical_center": [
      320.0,
      240.0
    ],
    "field_of_view": [
      0.9689559,
      0.75012857
    ],
    "horizon": {
      "left_horizon_y": 7.02005,
      "right_horizon_y": -24.899479
    }
  },
  "crossings": {
    "border_line_0": [
      631.5339,
      156.0971
    ],
    "border_line_1": [
      30.11755,
      135.93652
    ],
    "goal_box_line_0": [
      488.11856,
      209.49895
    ],
    "goal_box_line_1": [
      8.413412,
      176.7433
    ],
    "connecting_line_0": [
      488.0858,
      209.11354
    ],
    "connecting_line_1": [
      516.2281,
      152.4396
    ]
  }
}