{
  "position": "Bottom",
  "camera_matrix": {
    "camera_to_head": {
      "rotation": [
        0.005255674,
        0.29767695,
        -0.009427623,
        0.9546056
      ],
      "translation": [
        0.05071,
        0.0,
        0.01774
      ]
    },
    "camera_to_ground": {
      "rotation": [
        0.011784049,
        0.0814975,
        -0.11741224,
        0.98966306
      ],
      "translation": [
        0.054302573,
        -0.00433187,
        0.39036345
      ]
    },
    "ground_to_camera": {
      "rotation": [
        -0.01178405,
        -0.0814975,
        0.11741225,
        0.98966306
      ],
      "translation": [
        0.010967391,
        -0.010147238,
        -0.3938628
      ]
    },
    "camera_to_robot": {
      "rotation": [
        0.015271574,
        0.07238166,
        -0.117121994,
        0.9903584
      ],
      "translation": [
        0.03676851,
        -0.008199143,
        0.24980228
      ]
    },
    "robot_to_camera": {
      "rotation": [
        -0.015271575,
        -0.07238166,
        0.117121994,
        0.9903584
      ],
      "translation": [
        -0.0005512759,
        -0.00396147,
        -0.2525952
      ]
    },
    "focal_length": [
      608.0,
      609.6
    ],
    "optical_center": [
      320.0,
      240.0
    ],
    "field_of_view": [
      0.9689559,
      0.75012857
    ],
    "horizon": {
      "left_horizon_y": 139.96512,
      "right_horizon_y": 137.24579
    }
  },
  "crossings": {
    "border_line_0": [
      626.57367,
      266.57758
    ],
    "border_line_1": [
      183.01001,
      187.44217
    ],
    "goal_box_line_0": [
      386.3174,
      261.16263
    ],
    "goal_box_line_1": [
      163.52196,
      204.63705
    ],
    "connecting_line_0": [
      386.6874,
      260.941
    ],
    "connecting_line_1": [
      502.8719,
      244.34158
    ]
  }
}