{
  "position": "Top",
  "camera_matrix": {
    "camera_to_head": {
      "rotation": [
        -0.0019643677,
        -0.047894716,
        0.010701526,
        0.9987932
      ],
      "translation": [
        0.05871,
        0.0,
        0.06364
      ]
    },
    "camera_to_ground": {
      "rotation": [
        0.015674891,
        0.23248102,
        -0.069912925,
        0.96995884
      ],
      "translation": [
        0.09658836,
        -0.014909758,
        0.46311018
      ]
    },
    "ground_to_camera": {
      "rotation": [
        -0.015674893,
        -0.23248103,
        0.06991292,
        0.96995884
      ],
      "translation": [
        0.12275791,
        0.0019249066,
        -0.45710993
      ]
    },
    "camera_to_robot": {
      "rotation": [
        0.016850993,
        0.19624111,
        -0.069565654,
        0.97794
      ],
      "translation": [
        0.08071959,
        -0.013372915,
        0.23982722
      ]
    },
    "robot_to_camera": {
      "rotation": [
        -0.016850993,
        -0.19624113,
        0.06956565,
        0.97794
      ],
      "translation": [
        0.017161407,
        0.0003628789,
        -0.25281802
      ]
    },
    "focal_length": [
      608.0,
      609.6
    ],
    "optical_center": [
      320.0,
      240.0
    ],
    "field_of_view": [
      0.9689559,
      0.75012857
    ],
    "horizon": {
      "left_horizon_y": -70.669556,
      "right_horizon_y": -69.16106
    }
  },
  "crossings": {
    "border_line_0": [
      628.88806,
      66.93345
    ],
    "border_line_1": [
      44.209915,
      19.802156
    ],
    "goal_box_line_0": [
      510.6744,
      93.3723
    ],
    "goal_box_line_1": [
      23.45195,
      42.631676
    ],
    "connecting_line_0": [
      511.1581,
      93.584274
    ],
    "connecting_line_1": [
      541.4125,
      59.43923
    ]
  }
}