{
  "position": "Top",
  "camera_matrix": {
    "camera_to_head": {
      "rotation": [
        -0.0019643677,
        -0.047894716,
        0.010701526,
        0.9987932
      ],
      "translation": [
        0.05871,
        0.0,
        0.06364
      ]
    },
    "camera_to_ground": {
      "rotation": [
        0.006952148,
        0.20180076,
        -0.10876179,
        0.9733449
      ],
      "translation": [
        0.09707495,
        -0.010399858,
        0.46942797
      ]
    },
    "ground_to_camera": {
      "rotation": [
        -0.006952148,
        -0.20180076,
        0.10876179,
        0.9733449
      ],
      "translation": [
        0.09607691,
        0.0035803274,
        -0.46973473
      ]
    },
    "camera_to_robot": {
      "rotation": [
        0.019984594,
        0.16330989,
        -0.10695638,
        0.9805567
      ],
      "translation": [
        0.07750061,
        -0.01891198,
        0.2451587
      ]
    },
    "robot_to_camera": {
      "rotation": [
        -0.019984594,
        -0.16330989,
        0.10695638,
        0.9805567
      ],
      "translation": [
        0.00412786,
        0.00065839646,
        -0.25777766
      ]
    },
    "focal_length": [
      608.0,
      609.6
    ],
    "optical_center": [
      320.0,
      240.0
    ],
    "field_of_view": [
      0.9689559,
      0.75012857
    ],
    "horizon": {
      "left_horizon_y": -32.348907,
      "right_horizon_y": -11.168989
    }
  },
  "crossings": {
    "border_line_0": [
      630.9095,
      172.36316
    ],
    "border_line_1": [
      227.3471,
      45.838257
    ],
    "goal_box_line_0": [
      424.9216,
      181.17354
    ],
    "goal_box_line_1": [
      190.23059,
      68.39221
    ],
    "connecting_line_0": [
      424.77902,
      181.03673
    ],
    "connecting_line_1": [
      586.0347,
      157.63103
    ]
  }
}