{
  "position": "Top",
  "camera_matrix": {
    "camera_to_head": {
      "rotation": [
        -0.0019643677,
        -0.047894716,
        0.010701526,
        0.9987932
      ],
      "translation": [
        0.05871,
        0.0,
        0.06364
      ]
    },
    "camera_to_ground": {
      "rotation": [
        0.037736144,
        0.08416427,
        -0.59380037,
        0.7993083
      ],
      "translation": [
        0.02333993,
        -0.0724362,
        0.4865652
      ]
    },
    "ground_to_camera": {
      "rotation": [
        -0.037736144,
        -0.08416427,
        0.59380037,
        0.7993083
      ],
      "translation": [
        0.012420651,
        0.018125724,
        -0.4919905
      ]
    },
    "camera_to_robot": {
      "rotation": [
        0.048806034,
        0.06538583,
        -0.5929906,
        0.80106497
      ],
      "translation": [
        0.01980589,
        -0.0703246,
        0.25796598
      ]
    },
    "robot_to_camera": {
      "rotation": [
        -0.048806034,
        -0.06538583,
        0.5929906,
        0.80106497
      ],
      "translation": [
        -0.030114926,
        0.0014220717,
        -0.266412
      ]
    },
    "focal_length": [
      608.0,
      609.6
    ],
    "optical_center": [
      320.0,
      240.0
    ],
    "field_of_view": [
      0.9689559,
      0.75012857
    ],
    "horizon": {
      "left_horizon_y": 115.834015,
      "right_horizon_y": 141.66237
    }
  },
  "crossings": {
    "border_line_0": [
      636.9912,
      294.73532
    ],
    "border_line_1": [
      140.84468,
      190.24792
    ],
    "goal_box_line_0": [
      482.33746,
      301.74588
    ],
    "goal_box_line_1": [
      139.85033,
      211.33348
    ],
    "connecting_line_0": [
      560.07764,
      277.7852
    ],
    "connecting_line_1": [
      482.9464,
      301.57437
    ]
  }
}