{
  "position": "Bottom",
  "camera_matrix": {
    "camera_to_head": {
      "rotation": [
        0.005255674,
        0.29767695,
        -0.009427623,
        0.9546056
      ],
      "translation": [
        0.05071,
        0.0,
        0.01774
      ]
    },
    "camera_to_ground": {
      "rotation": [
        0.01590181,
        0.11011768,
        -0.052929666,
        0.99238044
      ],
      "translation": [
        0.036417663,
        -0.008553235,
        0.4772046
      ]
    },
    "ground_to_camera": {
      "rotation": [
        -0.015901808,
        -0.110117674,
        0.05292967,
        0.99238044
      ],
      "translation": [
        0.068900906,
        -0.00495076,
        -0.4736579
      ]
    },
    "camera_to_robot": {
      "rotation": [
        0.011375039,
        0.094598494,
        -0.053188194,
        0.9940284
      ],
      "translation": [
        0.039120577,
        -0.0035520017,
        0.24814937
      ]
    },
    "robot_to_camera": {
      "rotation": [
        -0.011375039,
        -0.09459849,
        0.053188197,
        0.9940284
      ],
      "translation": [
        0.008402042,
        -0.0038044285,
        -0.25106987
      ]
    },
    "focal_length": [
      608.0,
      609.6
    ],
    "optical_center": [
      320.0,
      240.0
    ],
    "field_of_view": [
      0.9689559,
      0.75012857
    ],
    "horizon": {
      "left_horizon_y": 108.88115,
      "right_horizon_y": 95.8051
    }
  },
  "crossings": {
    "border_line_0": [
      620.6712,
      192.06126
    ],
    "border_line_1": [
      9.533016,
      211.27568
    ],
    "goal_box_line_0": [
      455.92175,
      219.03583
    ],
    "goal_box_line_1": [
      11.051515,
      235.59863
    ],
    "connecting_line_0": [
      456.311,
      219.36534
    ],
    "connecting_line_1": [
      420.052,
      198.00615
    ]
  }
}