{
  "position": "Top",
  "camera_matrix": {
    "camera_to_head": {
      "rotation": [
        -0.0019643677,
        -0.047894716,
        0.010701526,
        0.9987932
      ],
      "translation": [
        0.05871,
        0.0,
        0.06364
      ]
    },
    "camera_to_ground": {
      "rotation": [
        0.004605116,
        0.044642612,
        -0.64080924,
        0.7663875
      ],
      "translation": [
        0.017059175,
        -0.06889683,
        0.4942609
      ]
    },
    "ground_to_camera": {
      "rotation": [
        -0.004605118,
        -0.044642612,
        0.64080924,
        0.7663875
      ],
      "translation": [
        -0.033886224,
        0.020338247,
        -0.4977647
      ]
    },
    "camera_to_robot": {
      "rotation": [
        0.019312574,
        0.02434787,
        -0.6405363,
        0.767299
      ],
      "translation": [
        0.010693748,
        -0.067143664,
        0.2651124
      ]
    },
    "robot_to_camera": {
      "rotation": [
        -0.019312575,
        -0.02434787,
        0.6405363,
        0.767299
      ],
      "translation": [
        -0.051378004,
        0.0018877032,
        -0.26881954
      ]
    },
    "focal_length": [
      608.0,
      609.6
    ],
    "optical_center": [
      320.0,
      240.0
    ],
    "field_of_view": [
      0.9689559,
      0.75012857
    ],
    "horizon": {
      "left_horizon_y": 178.34845,
      "right_horizon_y": 210.61255
    }
  },
  "crossings": {
    "border_line_0": [
      596.82227,
      364.92545
    ],
    "border_line_1": [
      67.23021,
      254.32553
    ],
    "goal_box_line_0": [
      408.14682,
      364.50153
    ],
    "goal_box_line_1": [
      60.980854,
      276.34955
    ],
    "connecting_line_0": [
      407.99072,
      365.0064
    ],
    "connecting_line_1": [
      480.99432,
      340.89926
    ]
  }
}