{
  "position": "Bottom",
  "camera_matrix": {
    "camera_to_head": {
      "rotation": [
        -0.0019643677,
        -0.047894716,
        0.010701526,
        0.9987932
      ],
      "translation": [
        0.05871,
        0.0,
        0.06364
      ]
    },
    "camera_to_ground": {
      "rotation": [
        0.017018052,
        0.27797598,
        -0.050234932,
        0.9591227
      ],
      "translation": [
        0.09302877,
        -0.012102136,
        0.45558926
      ]
    },
    "ground_to_camera": {
      "rotation": [
        -0.017018054,
        -0.27797598,
        0.050234932,
        0.9591227
      ],
      "translation": [
        0.16447687,
        0.000040527317,
        -0.4350974
      ]
    },
    "camera_to_robot": {
      "rotation": [
        0.016955601,
        0.24871397,
        -0.050101828,
        0.96713173
      ],
      "translation": [
        0.08371733,
        -0.010590097,
        0.23089515
      ]
    },
    "robot_to_camera": {
      "rotation": [
        -0.016955603,
        -0.24871396,
        0.050101828,
        0.96713173
      ],
      "translation": [
        0.03759419,
        -0.00010649965,
        -0.24294028
      ]
    },
    "focal_length": [
      608.0,
      609.6
    ],
    "optical_center": [
      320.0,
      240.0
    ],
    "field_of_view": [
      0.9689559,
      0.75012857
    ],
    "horizon": {
      "left_horizon_y": -144.17743,
      "right_horizon_y": -147.75406
    }
  },
  "crossings": {
    "border_line_0": [
      629.601,
      228.46478
    ],
    "border_line_1": [
      5.7637463,
      27.06513
    ],
    "goal_box_line_0": [
      285.12524,
      466.73428
    ],
    "goal_box_line_1": [
      5.056526,
      267.78967
    ],
    "connecting_line_0": [
      284.445,
      466.8846
    ],
    "connecting_line_1": [
      551.2981,
      203.33824
    ]
  }
}