{
  "camera_matrix": {
    "camera_to_head": {
      "rotation": [
        -0.0019643677,
        -0.047894716,
        0.010701526,
        0.9987932
      ],
      "translation": [
        0.05871,
        0.0,
        0.06364
      ]
    },
    "camera_to_ground": {
      "rotation": [
        0.0098079005,
        0.095198095,
        -0.23001608,
        0.96847016
      ],
      "translation": [
        0.07814279,
        -0.03746967,
        0.48537853
      ]
    },
    "ground_to_camera": {
      "rotation": [
        -0.0098079,
        -0.09519809,
        0.2300161,
        0.96847016
      ],
      "translation": [
        0.006608844,
        0.010572824,
        -0.4928967
      ]
    },
    "camera_to_robot": {
      "rotation": [
        0.014097473,
        0.060074292,
        -0.2297649,
        0.97128826
      ],
      "translation": [
        0.062900394,
        -0.033253565,
        0.2608422
      ]
    },
    "robot_to_camera": {
      "rotation": [
        -0.014097473,
        -0.060074296,
        0.2297649,
        0.97128826
      ],
      "translation": [
        -0.03846126,
        0.0016055927,
        -0.2676174
      ]
    },
    "focal_length": [
      608.0,
      609.6
    ],
    "optical_center": [
      320.0,
      240.0
    ],
    "field_of_view": [
      0.9689559,
      0.75012857
    ],
    "horizon": {
      "left_horizon_y": 114.59052,
      "right_horizon_y": 130.77385
    }
  },
  "crossings": {
    "border_line_0": [
      143.10701,
      179.57796
    ],
    "border_line_1": [
      633.05237,
      268.97287
    ],
    "goal_box_line_0": [
      525.6956,
      290.42072
    ],
    "goal_box_line_1": [
      176.50821,
      206.74908
    ],
    "connecting_line_0": [
      525.6147,
      289.8291
    ],
    "connecting_line_1": [
      603.6247,
      263.5849
    ]
  },
  "position": "Top"
}
