{
  "position": "Bottom",
  "camera_matrix": {
    "camera_to_head": {
      "rotation": [
        0.005255674,
        0.29767695,
        -0.009427623,
        0.9546056
      ],
      "translation": [
        0.05071,
        0.0,
        0.01774
      ]
    },
    "camera_to_ground": {
      "rotation": [
        0.016938314,
        0.079022706,
        -0.20276718,
        0.975886
      ],
      "translation": [
        0.051963434,
        -0.010250477,
        0.3904577
      ]
    },
    "ground_to_camera": {
      "rotation": [
        -0.016938314,
        -0.0790227,
        0.20276716,
        0.975886
      ],
      "translation": [
        0.01183329,
        -0.011697865,
        -0.39368212
      ]
    },
    "camera_to_robot": {
      "rotation": [
        0.021479785,
        0.07078804,
        -0.20241033,
        0.97650266
      ],
      "translation": [
        0.034803312,
        -0.014417909,
        0.24980228
      ]
    },
    "robot_to_camera": {
      "rotation": [
        -0.021479785,
        -0.07078803,
        0.20241031,
        0.97650266
      ],
      "translation": [
        -0.0005512312,
        -0.003961471,
        -0.2525952
      ]
    },
    "focal_length": [
      608.0,
      609.6
    ],
    "optical_center": [
      320.0,
      240.0
    ],
    "field_of_view": [
      0.9689559,
      0.75012857
    ],
    "horizon": {
      "left_horizon_y": 140.82086,
      "right_horizon_y": 140.16307
    }
  },
  "crossings": {
    "border_line_0": [
      544.42053,
      267.26746
    ],
    "border_line_1": [
      88.54123,
      194.15979
    ],
    "goal_box_line_0": [
      278.40955,
      262.22827
    ],
    "goal_box_line_1": [
      43.7166,
      208.0267
    ],
    "connecting_line_0": [
      278.8335,
      262.3882
    ],
    "connecting_line_1": [
      392.86163,
      242.25653
    ]
  }
}