{
  "position": "Bottom",
  "camera_matrix": {
    "camera_to_head": {
      "rotation": [
        0.005255674,
        0.29767695,
        -0.009427623,
        0.9546056
      ],
      "translation": [
        0.05071,
        0.0,
        0.01774
      ]
    },
    "camera_to_ground": {
      "rotation": [
        0.10797558,
        0.1356594,
        -0.7442118,
        0.64504737
      ],
      "translation": [
        0.0108416695,
        -0.043888025,
        0.47137946
      ]
    },
    "ground_to_camera": {
      "rotation": [
        -0.10797559,
        -0.1356594,
        0.7442118,
        0.64504737
      ],
      "translation": [
        0.1189702,
        0.013040788,
        -0.45816845
      ]
    },
    "camera_to_robot": {
      "rotation": [
        0.13570456,
        0.11272109,
        -0.73966444,
        0.6494416
      ],
      "translation": [
        -0.005002558,
        -0.04446154,
        0.24123813
      ]
    },
    "robot_to_camera": {
      "rotation": [
        -0.13570456,
        -0.11272109,
        0.73966444,
        0.6494416
      ],
      "translation": [
        0.041794956,
        -0.0031618339,
        -0.24174547
      ]
    },
    "focal_length": [
      608.0,
      609.6
    ],
    "optical_center": [
      320.0,
      240.0
    ],
    "field_of_view": [
      0.9689559,
      0.75012857
    ],
    "horizon": {
      "left_horizon_y": 0.8722687,
      "right_horizon_y": 43.55818
    }
  },
  "crossings": {
    "border_line_0": [
      630.8054,
      217.72351
    ],
    "border_line_1": [
      65.79457,
      82.87962
    ],
    "goal_box_line_0": [
      629.36597,
      277.86032
    ],
    "goal_box_line_1": [
      88.2965,
      120.0154
    ],
    "connecting_line_0": [
      88.38899,
      120.10598
    ],
    "connecting_line_1": [
      193.19437,
      113.22263
    ]
  }
}