{
  "position": "Bottom",
  "camera_matrix": {
    "camera_to_head": {
      "rotation": [
        -0.0019643677,
        -0.047894716,
        0.010701526,
        0.9987932
      ],
      "translation": [
        0.05871,
        0.0,
        0.06364
      ]
    },
    "camera_to_ground": {
      "rotation": [
        0.011300531,
        0.18079431,
        -0.036420032,
        0.9827818
      ],
      "translation": [
        0.080586016,
        -0.011304704,
        0.47255626
      ]
    },
    "ground_to_camera": {
      "rotation": [
        -0.011300531,
        -0.18079433,
        0.036420036,
        0.9827818
      ],
      "translation": [
        0.092450656,
        0.0009004729,
        -0.47051397
      ]
    },
    "camera_to_robot": {
      "rotation": [
        0.008070085,
        0.16054168,
        -0.036828477,
        0.98630893
      ],
      "translation": [
        0.07914287,
        -0.0076757786,
        0.24576958
      ]
    },
    "robot_to_camera": {
      "rotation": [
        -0.008070085,
        -0.16054168,
        0.03682848,
        0.98630893
      ],
      "translation": [
        0.0025918856,
        0.0006930478,
        -0.25829828
      ]
    },
    "focal_length": [
      608.0,
      609.6
    ],
    "optical_center": [
      320.0,
      240.0
    ],
    "field_of_view": [
      0.9689559,
      0.75012857
    ],
    "horizon": {
      "left_horizon_y": 10.723511,
      "right_horizon_y": 4.5230026
    }
  },
  "crossings": {
    "border_line_0": [
      621.71564,
      317.65735
    ],
    "border_line_1": [
      5.526721,
      193.91891
    ],
    "goal_box_line_0": [
      149.33517,
      462.76462
    ],
    "goal_box_line_1": [
      2.1756163,
      401.26346
    ],
    "connecting_line_0": [
      149.98073,
      463.23288
    ],
    "connecting_line_1": [
      367.68497,
      267.5931
    ]
  }
}