{
  "position": "Top",
  "camera_matrix": {
    "camera_to_head": {
      "rotation": [
        -0.0019643677,
        -0.047894716,
        0.010701526,
        0.9987932
      ],
      "translation": [
        0.05871,
        0.0,
        0.06364
      ]
    },
    "camera_to_ground": {
      "rotation": [
        -0.055440422,
        0.07403799,
        0.8166511,
        0.56967145
      ],
      "translation": [
        -0.014721302,
        0.06894445,
        0.48647642
      ]
    },
    "ground_to_camera": {
      "rotation": [
        0.05544042,
        -0.07403799,
        -0.81665117,
        0.56967145
      ],
      "translation": [
        0.016428474,
        -0.018477362,
        -0.49093586
      ]
    },
    "camera_to_robot": {
      "rotation": [
        -0.08137327,
        0.057989392,
        0.8144751,
        0.5715295
      ],
      "translation": [
        -0.023872271,
        0.07080516,
        0.25524536
      ]
    },
    "robot_to_camera": {
      "rotation": [
        0.08137327,
        -0.057989396,
        -0.8144752,
        0.5715295
      ],
      "translation": [
        -0.0224589,
        0.001252867,
        -0.26500466
      ]
    },
    "focal_length": [
      608.0,
      609.6
    ],
    "optical_center": [
      320.0,
      240.0
    ],
    "field_of_view": [
      0.9689559,
      0.75012857
    ],
    "horizon": {
      "left_horizon_y": 150.3761,
      "right_horizon_y": 112.72563
    }
  },
  "crossings": {
    "border_line_0": [
      13.579778,
      362.57834
    ],
    "border_line_1": [
      636.1818,
      279.58118
    ],
    "goal_box_line_0": [
      281.15942,
      410.7348
    ],
    "goal_box_line_1": [
      635.04877,
      352.12036
    ],
    "connecting_line_0": [
      281.1016,
      411.1684
    ],
    "connecting_line_1": [
      239.9152,
      332.1409
    ]
  }
}