{
  "position": "Bottom",
  "camera_matrix": {
    "camera_to_head": {
      "rotation": [
        0.005255674,
        0.29767695,
        -0.009427623,
        0.9546056
      ],
      "translation": [
        0.05071,
        0.0,
        0.01774
      ]
    },
    "camera_to_ground": {
      "rotation": [
        -0.13700438,
        0.05594574,
        0.6192857,
        0.7710931
      ],
      "translation": [
        -0.019859953,
        0.036757052,
        0.38430578
      ]
    },
    "ground_to_camera": {
      "rotation": [
        0.13700438,
        -0.05594574,
        -0.6192857,
        0.7710931
      ],
      "translation": [
        0.06833112,
        0.028113708,
        -0.37944287
      ]
    },
    "camera_to_robot": {
      "rotation": [
        -0.0915135,
        0.119754866,
        0.6275772,
        0.7638263
      ],
      "translation": [
        0.007635426,
        0.042449728,
        0.24353018
      ]
    },
    "robot_to_camera": {
      "rotation": [
        0.0915135,
        -0.119754866,
        -0.6275772,
        0.7638263
      ],
      "translation": [
        0.03135617,
        -0.0033727135,
        -0.24530113
      ]
    },
    "focal_length": [
      608.0,
      609.6
    ],
    "optical_center": [
      320.0,
      240.0
    ],
    "field_of_view": [
      0.9689559,
      0.75012857
    ],
    "horizon": {
      "left_horizon_y": 29.169632,
      "right_horizon_y": 124.30945
    }
  },
  "crossings": {
    "border_line_0": [
      620.1374,
      258.538
    ],
    "border_line_1": [
      146.71056,
      120.79778
    ],
    "goal_box_line_0": [
      313.78403,
      206.11894
    ],
    "goal_box_line_1": [
      87.706825,
      124.96595
    ],
    "connecting_line_0": [
      313.34467,
      205.8164
    ],
    "connecting_line_1": [
      428.29776,
      202.71774
    ]
  }
}