{
  "position": "Top",
  "camera_matrix": {
    "camera_to_head": {
      "rotation": [
        -0.0019643677,
        -0.047894716,
        0.010701526,
        0.9987932
      ],
      "translation": [
        0.05871,
        0.0,
        0.06364
      ]
    },
    "camera_to_ground": {
      "rotation": [
        0.020951452,
        0.19766368,
        -0.22278202,
        0.9543893
      ],
      "translation": [
        0.091594525,
        -0.027751554,
        0.4700814
      ]
    },
    "ground_to_camera": {
      "rotation": [
        -0.020951457,
        -0.19766368,
        0.22278203,
        0.9543893
      ],
      "translation": [
        0.09483179,
        0.007865622,
        -0.47019282
      ]
    },
    "camera_to_robot": {
      "rotation": [
        0.038845144,
        0.15987672,
        -0.22028871,
        0.9614592
      ],
      "translation": [
        0.07103358,
        -0.03630757,
        0.2451587
      ]
    },
    "robot_to_camera": {
      "rotation": [
        -0.038845148,
        -0.15987673,
        0.22028871,
        0.9614592
      ],
      "translation": [
        0.0041278675,
        0.00065839477,
        -0.25777766
      ]
    },
    "focal_length": [
      608.0,
      609.6
    ],
    "optical_center": [
      320.0,
      240.0
    ],
    "field_of_view": [
      0.9689559,
      0.75012857
    ],
    "horizon": {
      "left_horizon_y": -32.66214,
      "right_horizon_y": 0.78487015
    }
  },
  "crossings": {
    "border_line_0": [
      586.5647,
      197.40106
    ],
    "border_line_1": [
      61.02132,
      40.747047
    ],
    "goal_box_line_0": [
      277.54047,
      179.32167
    ],
    "goal_box_line_1": [
      21.57117,
      66.38618
    ],
    "connecting_line_0": [
      277.41135,
      179.66275
    ],
    "connecting_line_1": [
      423.84055,
      148.99214
    ]
  }
}