{
  "position": "Bottom",
  "camera_matrix": {
    "camera_to_head": {
      "rotation": [
        0.005255674,
        0.29767695,
        -0.009427623,
        0.9546056
      ],
      "translation": [
        0.05071,
        0.0,
        0.01774
      ]
    },
    "camera_to_ground": {
      "rotation": [
        0.020742511,
        0.11131392,
        -0.24765538,
        0.9622084
      ],
      "translation": [
        0.042048085,
        -0.017806252,
        0.47648093
      ]
    },
    "ground_to_camera": {
      "rotation": [
        -0.020742511,
        -0.11131392,
        0.24765539,
        0.9622084
      ],
      "translation": [
        0.06271222,
        0.0026236926,
        -0.47453082
      ]
    },
    "camera_to_robot": {
      "rotation": [
        0.028086007,
        0.08385285,
        -0.24693772,
        0.96498764
      ],
      "translation": [
        0.034304317,
        -0.018068397,
        0.24868819
      ]
    },
    "robot_to_camera": {
      "rotation": [
        -0.028086007,
        -0.08385285,
        0.24693774,
        0.96498764
      ],
      "translation": [
        0.0055315048,
        -0.003855457,
        -0.25160208
      ]
    },
    "focal_length": [
      608.0,
      609.6
    ],
    "optical_center": [
      320.0,
      240.0
    ],
    "field_of_view": [
      0.9689559,
      0.75012857
    ],
    "horizon": {
      "left_horizon_y": 94.53938,
      "right_horizon_y": 104.54571
    }
  },
  "crossings": {
    "border_line_0": [
      34.108425,
      194.9653
    ],
    "border_line_1": [
      471.8101,
      155.20682
    ],
    "goal_box_line_0": [
      21.139515,
      221.74716
    ],
    "goal_box_line_1": [
      404.102,
      179.25229
    ],
    "connecting_line_0": [
      404.102,
      179.25229
    ],
    "connecting_line_1": [
      340.6892,
      167.78647
    ]
  }
}