{
  "position": "Top",
  "camera_matrix": {
    "camera_to_head": {
      "rotation": [
        -0.0019643677,
        -0.047894716,
        0.010701526,
        0.9987932
      ],
      "translation": [
        0.05871,
        0.0,
        0.06364
      ]
    },
    "camera_to_ground": {
      "rotation": [
        -0.004225153,
        -0.0061925976,
        -0.049016405,
        0.99877006
      ],
      "translation": [
        0.07462012,
        -0.008875386,
        0.49943644
      ]
    },
    "ground_to_camera": {
      "rotation": [
        0.0042251535,
        0.0061925966,
        0.04901641,
        0.99877006
      ],
      "translation": [
        -0.08150925,
        0.0054342984,
        -0.49840787
      ]
    },
    "camera_to_robot": {
      "rotation": [
        -0.004286702,
        -0.0400689,
        -0.049062215,
        0.99798256
      ],
      "translation": [
        0.059249684,
        -0.007125895,
        0.27423444
      ]
    },
    "robot_to_camera": {
      "rotation": [
        0.004286702,
        0.0400689,
        0.04906222,
        0.99798256
      ],
      "translation": [
        -0.081517115,
        0.0025370228,
        -0.26854116
      ]
    },
    "focal_length": [
      608.0,
      609.6
    ],
    "optical_center": [
      320.0,
      240.0
    ],
    "field_of_view": [
      0.9689559,
      0.75012857
    ],
    "horizon": {
      "left_horizon_y": 245.28072,
      "right_horizon_y": 250.29964
    }
  },
  "crossings": {
    "border_line_0": [
      626.5332,
      387.121
    ],
    "border_line_1": [
      46.840313,
      329.81885
    ],
    "goal_box_line_0": [
      540.7496,
      416.65463
    ],
    "goal_box_line_1": [
      64.33003,
      355.42905
    ],
    "connecting_line_0": [
      565.51764,
      381.42853
    ],
    "connecting_line_1": [
      540.18494,
      416.15363
    ]
  }
}