{
  "position": "Bottom",
  "camera_matrix": {
    "camera_to_head": {
      "rotation": [
        -0.0019643677,
        -0.047894716,
        0.010701526,
        0.9987932
      ],
      "translation": [
        0.05871,
        0.0,
        0.06364
      ]
    },
    "camera_to_ground": {
      "rotation": [
        -0.06908178,
        0.110069916,
        0.2893545,
        0.9483606
      ],
      "translation": [
        0.04940669,
        0.047727324,
        0.39099205
      ]
    },
    "ground_to_camera": {
      "rotation": [
        0.06908178,
        -0.110069916,
        -0.28935447,
        0.9483606
      ],
      "translation": [
        0.031854894,
        0.014912846,
        -0.3954195
      ]
    },
    "camera_to_robot": {
      "rotation": [
        -0.050917007,
        0.1714847,
        0.29308948,
        0.93920165
      ],
      "translation": [
        0.06739315,
        0.044431586,
        0.24281964
      ]
    },
    "robot_to_camera": {
      "rotation": [
        0.05091701,
        -0.1714847,
        -0.29308948,
        0.93920165
      ],
      "translation": [
        0.009927131,
        0.0005272941,
        -0.2556923
      ]
    },
    "focal_length": [
      608.0,
      609.6
    ],
    "optical_center": [
      320.0,
      240.0
    ],
    "field_of_view": [
      0.9689559,
      0.75012857
    ],
    "horizon": {
      "left_horizon_y": 60.703903,
      "right_horizon_y": 105.34912
    }
  },
  "crossings": {
    "border_line_0": [
      617.33936,
      346.11572
    ],
    "border_line_1": [
      61.23715,
      194.24652
    ],
    "goal_box_line_0": [
      255.81128,
      447.54108
    ],
    "goal_box_line_1": [
      9.191932,
      318.5534
    ],
    "connecting_line_0": [
      256.32965,
      445.5678
    ],
    "connecting_line_1": [
      476.53326,
      308.5001
    ]
  }
}