{
  "position": "Top",
  "camera_matrix": {
    "camera_to_head": {
      "rotation": [
        -0.0019643677,
        -0.047894716,
        0.010701526,
        0.9987932
      ],
      "translation": [
        0.05871,
        0.0,
        0.06364
      ]
    },
    "camera_to_ground": {
      "rotation": [
        -0.0102549605,
        -0.0507442,
        -0.042486917,
        0.9977552
      ],
      "translation": [
        0.056614663,
        -0.0021451446,
        0.5057951
      ]
    },
    "ground_to_camera": {
      "rotation": [
        0.0102549605,
        0.050744195,
        0.04248692,
        0.9977552
      ],
      "translation": [
        -0.10795617,
        0.00544764,
        -0.4973473
      ]
    },
    "camera_to_robot": {
      "rotation": [
        -0.005864772,
        -0.06837169,
        -0.04291237,
        0.9967195
      ],
      "translation": [
        0.055698868,
        -0.006006398,
        0.27751875
      ]
    },
    "robot_to_camera": {
      "rotation": [
        0.0058647725,
        0.06837169,
        0.042912375,
        0.9967195
      ],
      "translation": [
        -0.09344602,
        0.0027905502,
        -0.26723614
      ]
    },
    "focal_length": [
      608.0,
      609.6
    ],
    "optical_center": [
      320.0,
      240.0
    ],
    "field_of_view": [
      0.9689559,
      0.75012857
    ],
    "horizon": {
      "left_horizon_y": 297.38498,
      "right_horizon_y": 307.789
    }
  },
  "crossings": {
    "border_line_0": [
      626.0669,
      462.90915
    ],
    "border_line_1": [
      29.597252,
      375.158
    ],
    "goal_box_line_0": [
      394.73083,
      471.95462
    ],
    "goal_box_line_1": [
      29.776463,
      401.25574
    ],
    "connecting_line_0": [
      395.0045,
      471.9816
    ],
    "connecting_line_1": [
      466.63025,
      439.60748
    ]
  }
}