{
  "position": "Bottom",
  "camera_matrix": {
    "camera_to_head": {
      "rotation": [
        0.005255674,
        0.29767695,
        -0.009427623,
        0.9546056
      ],
      "translation": [
        0.05071,
        0.0,
        0.01774
      ]
    },
    "camera_to_ground": {
      "rotation": [
        -0.021051902,
        0.19725963,
        0.1677068,
        0.96567047
      ],
      "translation": [
        0.045790598,
        0.015234133,
        0.46906197
      ]
    },
    "ground_to_camera": {
      "rotation": [
        0.021051902,
        -0.19725965,
        -0.16770679,
        0.96567047
      ],
      "translation": [
        0.13755423,
        -0.011115354,
        -0.4508916
      ]
    },
    "camera_to_robot": {
      "rotation": [
        -0.025321875,
        0.17534888,
        0.16710113,
        0.969891
      ],
      "translation": [
        0.041933753,
        0.015732016,
        0.24116945
      ]
    },
    "robot_to_camera": {
      "rotation": [
        0.025321875,
        -0.17534888,
        -0.16710113,
        0.969891
      ],
      "translation": [
        0.04209906,
        -0.003155523,
        -0.24163267
      ]
    },
    "focal_length": [
      608.0,
      609.6
    ],
    "optical_center": [
      320.0,
      240.0
    ],
    "field_of_view": [
      0.9689559,
      0.75012857
    ],
    "horizon": {
      "left_horizon_y": -7.8740845,
      "right_horizon_y": -25.610825
    }
  },
  "crossings": {
    "border_line_0": [
      156.72725,
      97.89311
    ],
    "border_line_1": [
      637.4556,
      95.14324
    ],
    "goal_box_line_0": [
      527.04645,
      122.75179
    ],
    "goal_box_line_1": [
      638.92206,
      124.41868
    ],
    "connecting_line_0": [
      526.767,
      122.73444
    ],
    "connecting_line_1": [
      507.4775,
      96.16649
    ]
  }
}