{
  "position": "Bottom",
  "camera_matrix": {
    "camera_to_head": {
      "rotation": [
        0.005255674,
        0.29767695,
        -0.009427623,
        0.9546056
      ],
      "translation": [
        0.05071,
        0.0,
        0.01774
      ]
    },
    "camera_to_ground": {
      "rotation": [
        0.029653514,
        0.19144495,
        -0.16431181,
        0.96719706
      ],
      "translation": [
        0.06425015,
        -0.015780563,
        0.3814919
      ]
    },
    "ground_to_camera": {
      "rotation": [
        -0.02965352,
        -0.19144493,
        0.16431183,
        0.96719706
      ],
      "translation": [
        0.084087834,
        -0.0041323705,
        -0.37792242
      ]
    },
    "camera_to_robot": {
      "rotation": [
        0.034390654,
        0.17533486,
        -0.16343237,
        0.97023934
      ],
      "translation": [
        0.042655762,
        -0.013948722,
        0.24103189
      ]
    },
    "robot_to_camera": {
      "rotation": [
        -0.03439066,
        -0.17533486,
        0.16343239,
        0.97023934
      ],
      "translation": [
        0.042706788,
        -0.0031429373,
        -0.24140567
      ]
    },
    "focal_length": [
      608.0,
      609.6
    ],
    "optical_center": [
      320.0,
      240.0
    ],
    "field_of_view": [
      0.9689559,
      0.75012857
    ],
    "horizon": {
      "left_horizon_y": -12.42215,
      "right_horizon_y": -8.576592
    }
  },
  "crossings": {
    "border_line_0": [
      609.188,
      129.89336
    ],
    "border_line_1": [
      19.27415,
      89.11935
    ],
    "goal_box_line_0": [
      440.57294,
      167.68626
    ],
    "goal_box_line_1": [
      7.7177544,
      129.28249
    ],
    "connecting_line_0": [
      440.7406,
      167.7961
    ],
    "connecting_line_1": [
      463.05945,
      119.7938
    ]
  }
}