{
  "position": "Top",
  "camera_matrix": {
    "camera_to_head": {
      "rotation": [
        -0.0019643677,
        -0.047894716,
        0.010701526,
        0.9987932
      ],
      "translation": [
        0.05871,
        0.0,
        0.06364
      ]
    },
    "camera_to_ground": {
      "rotation": [
        -0.005840539,
        0.09586097,
        0.041129585,
        0.9945277
      ],
      "translation": [
        0.087943,
        0.008517863,
        0.39709646
      ]
    },
    "ground_to_camera": {
      "rotation": [
        0.005840539,
        -0.09586097,
        -0.041129585,
        0.9945277
      ],
      "translation": [
        -0.01081026,
        0.0002863895,
        -0.40666342
      ]
    },
    "camera_to_robot": {
      "rotation": [
        -0.0033823852,
        0.097573794,
        0.041374125,
        0.9943623
      ],
      "translation": [
        0.07437906,
        0.004566493,
        0.2555888
      ]
    },
    "robot_to_camera": {
      "rotation": [
        0.0033823852,
        -0.097573794,
        -0.041374125,
        0.9943623
      ],
      "translation": [
        -0.023413002,
        0.001273991,
        -0.26519603
      ]
    },
    "focal_length": [
      608.0,
      609.6
    ],
    "optical_center": [
      320.0,
      240.0
    ],
    "field_of_view": [
      0.9689559,
      0.75012857
    ],
    "horizon": {
      "left_horizon_y": 120.06331,
      "right_horizon_y": 122.49908
    }
  },
  "crossings": {
    "border_line_0": [
      9.635149,
      272.23148
    ],
    "border_line_1": [
      622.3034,
      212.08888
    ],
    "goal_box_line_0": [
      153.116,
      320.6828
    ],
    "goal_box_line_1": [
      630.2504,
      254.3313
    ],
    "connecting_line_0": [
      153.05241,
      320.73288
    ],
    "connecting_line_1": [
      107.91944,
      261.39386
    ]
  }
}