{
  "position": "Top",
  "camera_matrix": {
    "camera_to_head": {
      "rotation": [
        -0.0019643677,
        -0.047894716,
        0.010701526,
        0.9987932
      ],
      "translation": [
        0.05871,
        0.0,
        0.06364
      ]
    },
    "camera_to_ground": {
      "rotation": [
        0.009605103,
        0.19753383,
        -0.047548175,
        0.9790956
      ],
      "translation": [
        0.094285235,
        -0.01097382,
        0.46910948
      ]
    },
    "ground_to_camera": {
      "rotation": [
        -0.009605103,
        -0.19753385,
        0.047548175,
        0.9790956
      ],
      "translation": [
        0.09440311,
        0.0017744508,
        -0.46921077
      ]
    },
    "camera_to_robot": {
      "rotation": [
        0.009899523,
        0.16195591,
        -0.047403,
        0.98560923
      ],
      "translation": [
        0.079063825,
        -0.009385904,
        0.24552548
      ]
    },
    "robot_to_camera": {
      "rotation": [
        -0.009899523,
        -0.16195591,
        0.047403,
        0.98560923
      ],
      "translation": [
        0.0032067671,
        0.0006791849,
        -0.25809145
      ]
    },
    "focal_length": [
      608.0,
      609.6
    ],
    "optical_center": [
      320.0,
      240.0
    ],
    "field_of_view": [
      0.9689559,
      0.75012857
    ],
    "horizon": {
      "left_horizon_y": -16.404602,
      "right_horizon_y": -16.4212
    }
  },
  "crossings": {
    "border_line_0": [
      629.24646,
      115.90891
    ],
    "border_line_1": [
      41.733685,
      64.99486
    ],
    "goal_box_line_0": [
      540.3333,
      144.94153
    ],
    "goal_box_line_1": [
      64.48034,
      91.08877
    ],
    "connecting_line_0": [
      569.919,
      111.1665
    ],
    "connecting_line_1": [
      539.4353,
      144.08015
    ]
  }
}