{
  "position": "Top",
  "camera_matrix": {
    "camera_to_head": {
      "rotation": [
        -0.0019643677,
        -0.047894716,
        0.010701526,
        0.9987932
      ],
      "translation": [
        0.05871,
        0.0,
        0.06364
      ]
    },
    "camera_to_ground": {
      "rotation": [
        0.024622083,
        0.053906895,
        -0.8627936,
        0.5020715
      ],
      "translation": [
        -0.016438873,
        -0.061265316,
        0.49228585
      ]
    },
    "ground_to_camera": {
      "rotation": [
        -0.024622079,
        -0.053906895,
        0.86279356,
        0.5020715
      ],
      "translation": [
        -0.013483355,
        0.017885083,
        -0.4958501
      ]
    },
    "camera_to_robot": {
      "rotation": [
        0.059225712,
        0.03460204,
        -0.86111057,
        0.5037698
      ],
      "translation": [
        -0.03655044,
        -0.06182839,
        0.25985527
      ]
    },
    "robot_to_camera": {
      "rotation": [
        -0.05922571,
        -0.03460204,
        0.86111057,
        0.5037698
      ],
      "translation": [
        -0.035566755,
        0.0015420574,
        -0.26723784
      ]
    },
    "focal_length": [
      608.0,
      609.6
    ],
    "optical_center": [
      320.0,
      240.0
    ],
    "field_of_view": [
      0.9689559,
      0.75012857
    ],
    "horizon": {
      "left_horizon_y": 158.61768,
      "right_horizon_y": 202.68378
    }
  },
  "crossings": {
    "border_line_0": [
      340.0668,
      270.40466
    ],
    "border_line_1": [
      5.781089,
      321.30908
    ],
    "goal_box_line_0": [
      325.00705,
      310.35583
    ],
    "goal_box_line_1": [
      0.2582221,
      400.72195
    ],
    "connecting_line_0": [
      221.23457,
      289.2645
    ],
    "connecting_line_1": [
      325.21902,
      310.352
    ]
  }
}