{
  "position": "Bottom",
  "camera_matrix": {
    "camera_to_head": {
      "rotation": [
        -0.0019643677,
        -0.047894716,
        0.010701526,
        0.9987932
      ],
      "translation": [
        0.05871,
        0.0,
        0.06364
      ]
    },
    "camera_to_ground": {
      "rotation": [
        -0.0043914216,
        0.1183236,
        0.027192231,
        0.9925933
      ],
      "translation": [
        0.064665094,
        0.004889393,
        0.3924516
      ]
    },
    "ground_to_camera": {
      "rotation": [
        0.004391422,
        -0.1183236,
        -0.027192233,
        0.9925933
      ],
      "translation": [
        0.029260743,
        -0.0004281475,
        -0.39669555
      ]
    },
    "camera_to_robot": {
      "rotation": [
        -0.0024985755,
        0.17660211,
        0.027454516,
        0.9838963
      ],
      "translation": [
        0.080530964,
        0.0027154,
        0.24319077
      ]
    },
    "robot_to_camera": {
      "rotation": [
        0.0024985755,
        -0.17660213,
        -0.027454518,
        0.9838963
      ],
      "translation": [
        0.009015508,
        0.00054792187,
        -0.25603276
      ]
    },
    "focal_length": [
      608.0,
      609.6
    ],
    "optical_center": [
      320.0,
      240.0
    ],
    "field_of_view": [
      0.9689559,
      0.75012857
    ],
    "horizon": {
      "left_horizon_y": 91.77425,
      "right_horizon_y": 93.279
    }
  },
  "crossings": {
    "border_line_0": [
      619.47064,
      342.14218
    ],
    "border_line_1": [
      54.50989,
      203.72365
    ],
    "goal_box_line_0": [
      258.18344,
      459.7334
    ],
    "goal_box_line_1": [
      6.4728928,
      327.26746
    ],
    "connecting_line_0": [
      258.11792,
      455.90823
    ],
    "connecting_line_1": [
      485.6192,
      309.17072
    ]
  }
}