{
  "position": "Top",
  "camera_matrix": {
    "camera_to_head": {
      "rotation": [
        -0.0019643677,
        -0.047894716,
        0.010701526,
        0.9987932
      ],
      "translation": [
        0.05871,
        0.0,
        0.06364
      ]
    },
    "camera_to_ground": {
      "rotation": [
        0.0051816697,
        0.06172208,
        -0.6982832,
        0.713137
      ],
      "translation": [
        0.019888254,
        -0.06866387,
        0.49233747
      ]
    },
    "ground_to_camera": {
      "rotation": [
        -0.005181672,
        -0.061722085,
        0.6982832,
        0.713137
      ],
      "translation": [
        -0.02177854,
        0.02067935,
        -0.49659288
      ]
    },
    "camera_to_robot": {
      "rotation": [
        0.03317204,
        0.034590743,
        -0.6975134,
        0.71496737
      ],
      "translation": [
        0.00020973384,
        -0.06975983,
        0.26278776
      ]
    },
    "robot_to_camera": {
      "rotation": [
        -0.033172045,
        -0.034590743,
        0.6975134,
        0.71496737
      ],
      "translation": [
        -0.044264536,
        0.0017326345,
        -0.26825646
      ]
    },
    "focal_length": [
      608.0,
      609.6
    ],
    "optical_center": [
      320.0,
      240.0
    ],
    "field_of_view": [
      0.9689559,
      0.75012857
    ],
    "horizon": {
      "left_horizon_y": 155.99431,
      "right_horizon_y": 206.87585
    }
  },
  "crossings": {
    "border_line_0": [
      5.517086,
      350.08347
    ],
    "border_line_1": [
      631.0887,
      323.8778
    ],
    "goal_box_line_0": [
      67.60983,
      438.3588
    ],
    "goal_box_line_1": [
      636.2146,
      375.17532
    ],
    "connecting_line_0": [
      67.90852,
      438.7442
    ],
    "connecting_line_1": [
      30.0713,
      348.91956
    ]
  }
}