{
  "position": "Top",
  "camera_matrix": {
    "camera_to_head": {
      "rotation": [
        -0.0019643677,
        -0.047894716,
        0.010701526,
        0.9987932
      ],
      "translation": [
        0.05871,
        0.0,
        0.06364
      ]
    },
    "camera_to_ground": {
      "rotation": [
        0.01826958,
        0.22544998,
        -0.062336944,
        0.9720873
      ],
      "translation": [
        0.07554862,
        -0.014426856,
        0.46442938
      ]
    },
    "ground_to_camera": {
      "rotation": [
        -0.01826958,
        -0.22544998,
        0.06233694,
        0.9720873
      ],
      "translation": [
        0.13571253,
        0.0010846003,
        -0.4507675
      ]
    },
    "camera_to_robot": {
      "rotation": [
        0.016918957,
        0.21280594,
        -0.06256652,
        0.97494274
      ],
      "translation": [
        0.08179546,
        -0.012393457,
        0.23705037
      ]
    },
    "robot_to_camera": {
      "rotation": [
        -0.016918957,
        -0.21280594,
        0.06256651,
        0.97494274
      ],
      "translation": [
        0.023695886,
        0.0002136163,
        -0.24995089
      ]
    },
    "focal_length": [
      608.0,
      609.6
    ],
    "optical_center": [
      320.0,
      240.0
    ],
    "field_of_view": [
      0.9689559,
      0.75012857
    ],
    "horizon": {
      "left_horizon_y": -56.550476,
      "right_horizon_y": -61.840153
    }
  },
  "crossings": {
    "border_line_0": [
      629.1925,
      181.9694
    ],
    "border_line_1": [
      86.03995,
      37.893112
    ],
    "goal_box_line_0": [
      415.2595,
      259.4437
    ],
    "goal_box_line_1": [
      3.3877182,
      70.47919
    ],
    "connecting_line_0": [
      415.1111,
      259.52658
    ],
    "connecting_line_1": [
      589.09296,
      172.61754
    ]
  }
}