{
  "position": "Top",
  "camera_matrix": {
    "camera_to_head": {
      "rotation": [
        -0.0019643677,
        -0.047894716,
        0.010701526,
        0.9987932
      ],
      "translation": [
        0.05871,
        0.0,
        0.06364
      ]
    },
    "camera_to_ground": {
      "rotation": [
        0.008740118,
        0.18189305,
        -0.014264525,
        0.983176
      ],
      "translation": [
        0.074472375,
        -0.0083290115,
        0.47247136
      ]
    },
    "ground_to_camera": {
      "rotation": [
        -0.008740118,
        -0.18189305,
        0.014264525,
        0.983176
      ],
      "translation": [
        0.09938329,
        0.000330484,
        -0.46793965
      ]
    },
    "camera_to_robot": {
      "rotation": [
        0.0047782506,
        0.16824174,
        -0.014852395,
        0.98562235
      ],
      "translation": [
        0.07992154,
        -0.004175532,
        0.24454585
      ]
    },
    "robot_to_camera": {
      "rotation": [
        -0.0047782506,
        -0.16824174,
        0.014852395,
        0.98562235
      ],
      "translation": [
        0.005659856,
        0.0006238185,
        -0.25724527
      ]
    },
    "focal_length": [
      608.0,
      609.6
    ],
    "optical_center": [
      320.0,
      240.0
    ],
    "field_of_view": [
      0.9689559,
      0.75012857
    ],
    "horizon": {
      "left_horizon_y": 10.438904,
      "right_horizon_y": 2.2067223
    }
  },
  "crossings": {
    "border_line_0": [
      617.34515,
      95.65005
    ],
    "border_line_1": [
      27.228931,
      109.69424
    ],
    "goal_box_line_0": [
      547.3284,
      117.74729
    ],
    "goal_box_line_1": [
      31.385532,
      131.71632
    ],
    "connecting_line_0": [
      547.18005,
      117.83016
    ],
    "connecting_line_1": [
      503.49817,
      97.74666
    ]
  }
}