{
  "position": "Top",
  "camera_matrix": {
    "camera_to_head": {
      "rotation": [
        -0.0019643677,
        -0.047894716,
        0.010701526,
        0.9987932
      ],
      "translation": [
        0.05871,
        0.0,
        0.06364
      ]
    },
    "camera_to_ground": {
      "rotation": [
        0.009491667,
        0.12404902,
        -0.0629148,
        0.99023426
      ],
      "translation": [
        0.069788024,
        -0.013577787,
        0.48098314
      ]
    },
    "ground_to_camera": {
      "rotation": [
        -0.009491666,
        -0.12404902,
        0.0629148,
        0.99023426
      ],
      "translation": [
        0.049992517,
        0.0030740593,
        -0.48362255
      ]
    },
    "camera_to_robot": {
      "rotation": [
        0.007975908,
        0.110311165,
        -0.063043356,
        0.9918638
      ],
      "translation": [
        0.07480706,
        -0.011217234,
        0.25363067
      ]
    },
    "robot_to_camera": {
      "rotation": [
        -0.007975907,
        -0.110311165,
        0.063043356,
        0.9918638
      ],
      "translation": [
        -0.018018551,
        0.0011543129,
        -0.26405385
      ]
    },
    "focal_length": [
      608.0,
      609.6
    ],
    "optical_center": [
      320.0,
      240.0
    ],
    "field_of_view": [
      0.9689559,
      0.75012857
    ],
    "horizon": {
      "left_horizon_y": 85.756744,
      "right_horizon_y": 83.64841
    }
  },
  "crossings": {
    "border_line_0": [
      634.1932,
      322.54816
    ],
    "border_line_1": [
      75.01156,
      171.49408
    ],
    "goal_box_line_0": [
      415.49844,
      401.29044
    ],
    "goal_box_line_1": [
      14.315904,
      207.2135
    ],
    "connecting_line_0": [
      416.26346,
      400.67957
    ],
    "connecting_line_1": [
      586.5878,
      308.88165
    ]
  }
}