{
  "position": "Top",
  "camera_matrix": {
    "camera_to_head": {
      "rotation": [
        -0.0019643677,
        -0.047894716,
        0.010701526,
        0.9987932
      ],
      "translation": [
        0.05871,
        0.0,
        0.06364
      ]
    },
    "camera_to_ground": {
      "rotation": [
        -0.0150732845,
        0.038211893,
        -0.11884435,
        0.9920631
      ],
      "translation": [
        0.08294112,
        -0.007535511,
        0.49480855
      ]
    },
    "ground_to_camera": {
      "rotation": [
        0.0150732845,
        -0.038211893,
        0.118844345,
        0.9920631
      ],
      "translation": [
        -0.046399336,
        0.0071495767,
        -0.49956733
      ]
    },
    "camera_to_robot": {
      "rotation": [
        -0.0013831677,
        0.00056882494,
        -0.11934166,
        0.9928523
      ],
      "translation": [
        0.06239035,
        -0.016652105,
        0.26918072
      ]
    },
    "robot_to_camera": {
      "rotation": [
        0.0013831679,
        -0.00056882476,
        0.11934165,
        0.9928523
      ],
      "translation": [
        -0.064344145,
        0.0021685814,
        -0.26922712
      ]
    },
    "focal_length": [
      608.0,
      609.6
    ],
    "optical_center": [
      320.0,
      240.0
    ],
    "field_of_view": [
      0.9689559,
      0.75012857
    ],
    "horizon": {
      "left_horizon_y": 183.26485,
      "right_horizon_y": 208.3295
    }
  },
  "crossings": {
    "border_line_0": [
      632.54553,
      396.55765
    ],
    "border_line_1": [
      244.14117,
      271.09647
    ],
    "goal_box_line_0": [
      411.17032,
      398.98764
    ],
    "goal_box_line_1": [
      179.17908,
      283.89578
    ],
    "connecting_line_0": [
      411.33026,
      399.0917
    ],
    "connecting_line_1": [
      565.62946,
      374.1887
    ]
  }
}