{
  "position": "Top",
  "camera_matrix": {
    "camera_to_head": {
      "rotation": [
        -0.0019643677,
        -0.047894716,
        0.010701526,
        0.9987932
      ],
      "translation": [
        0.05871,
        0.0,
        0.06364
      ]
    },
    "camera_to_ground": {
      "rotation": [
        -0.011565908,
        -0.037414007,
        -0.112929255,
        0.99283165
      ],
      "translation": [
        0.05967677,
        -0.014584471,
        0.5038135
      ]
    },
    "ground_to_camera": {
      "rotation": [
        0.011565908,
        0.037414003,
        0.11292926,
        0.99283165
      ],
      "translation": [
        -0.09999054,
        0.0080882665,
        -0.49753243
      ]
    },
    "camera_to_robot": {
      "rotation": [
        -0.009537867,
        -0.05944513,
        -0.113129176,
        0.99175483
      ],
      "translation": [
        0.05537224,
        -0.014053359,
        0.27656406
      ]
    },
    "robot_to_camera": {
      "rotation": [
        0.009537867,
        0.059445128,
        0.113129176,
        0.99175483
      ],
      "translation": [
        -0.08990759,
        0.0027155532,
        -0.2676948
      ]
    },
    "focal_length": [
      608.0,
      609.6
    ],
    "optical_center": [
      320.0,
      240.0
    ],
    "field_of_view": [
      0.9689559,
      0.75012857
    ],
    "horizon": {
      "left_horizon_y": 282.3532,
      "right_horizon_y": 291.68176
    }
  },
  "crossings": {
    "border_line_0": [
      560.6018,
      369.691
    ],
    "border_line_1": [
      8.451952,
      433.62985
    ],
    "goal_box_line_0": [
      448.1269,
      383.0646
    ],
    "goal_box_line_1": [
      543.02155,
      398.872
    ],
    "connecting_line_0": [
      543.02155,
      398.872
    ],
    "connecting_line_1": [
      84.52723,
      473.0665
    ]
  }
}