{
  "position": "Bottom",
  "camera_matrix": {
    "camera_to_head": {
      "rotation": [
        -0.0019643677,
        -0.047894716,
        0.010701526,
        0.9987932
      ],
      "translation": [
        0.05871,
        0.0,
        0.06364
      ]
    },
    "camera_to_ground": {
      "rotation": [
        0.017020008,
        0.25947168,
        -0.056444634,
        0.9639496
      ],
      "translation": [
        0.10287283,
        -0.009460519,
        0.3701131
      ]
    },
    "ground_to_camera": {
      "rotation": [
        -0.017020008,
        -0.25947168,
        0.056444626,
        0.9639496
      ],
      "translation": [
        0.096543446,
        -0.004011712,
        -0.37191302
      ]
    },
    "camera_to_robot": {
      "rotation": [
        0.018540904,
        0.24934559,
        -0.056023005,
        0.9666151
      ],
      "translation": [
        0.08361046,
        -0.011620747,
        0.23076567
      ]
    },
    "robot_to_camera": {
      "rotation": [
        -0.018540904,
        -0.24934559,
        0.056022998,
        0.9666151
      ],
      "translation": [
        0.037878126,
        -0.00011307979,
        -0.2427834
      ]
    },
    "focal_length": [
      608.0,
      609.6
    ],
    "optical_center": [
      320.0,
      240.0
    ],
    "field_of_view": [
      0.9689559,
      0.75012857
    ],
    "horizon": {
      "left_horizon_y": -112.67758,
      "right_horizon_y": -115.2864
    }
  },
  "crossings": {
    "border_line_0": [
      627.51794,
      216.94885
    ],
    "border_line_1": [
      33.011948,
      22.180113
    ],
    "goal_box_line_0": [
      186.86215,
      449.89975
    ],
    "goal_box_line_1": [
      4.283787,
      283.57205
    ],
    "connecting_line_0": [
      187.44603,
      452.53015
    ],
    "connecting_line_1": [
      554.8554,
      193.06139
    ]
  }
}