{
  "position": "Top",
  "camera_matrix": {
    "camera_to_head": {
      "rotation": [
        -0.0019643677,
        -0.047894716,
        0.010701526,
        0.9987932
      ],
      "translation": [
        0.05871,
        0.0,
        0.06364
      ]
    },
    "camera_to_ground": {
      "rotation": [
        0.0071331966,
        0.13554819,
        -0.015368468,
        0.99062645
      ],
      "translation": [
        0.070767134,
        -0.008397962,
        0.47990468
      ]
    },
    "ground_to_camera": {
      "rotation": [
        -0.0071331966,
        -0.13554819,
        0.015368468,
        0.99062645
      ],
      "translation": [
        0.06061334,
        0.0013186324,
        -0.481364
      ]
    },
    "camera_to_robot": {
      "rotation": [
        0.0031551814,
        0.12198427,
        -0.015784683,
        0.9924017
      ],
      "translation": [
        0.07648216,
        -0.0041134926,
        0.25187916
      ]
    },
    "robot_to_camera": {
      "rotation": [
        -0.0031551812,
        -0.12198428,
        0.015784683,
        0.9924017
      ],
      "translation": [
        -0.013284862,
        0.0010489468,
        -0.2629296
      ]
    },
    "focal_length": [
      608.0,
      609.6
    ],
    "optical_center": [
      320.0,
      240.0
    ],
    "field_of_view": [
      0.9689559,
      0.75012857
    ],
    "horizon": {
      "left_horizon_y": 73.20679,
      "right_horizon_y": 66.57726
    }
  },
  "crossings": {
    "border_line_0": [
      623.2611,
      159.04353
    ],
    "border_line_1": [
      39.533016,
      172.1724
    ],
    "goal_box_line_0": [
      543.14484,
      181.96748
    ],
    "goal_box_line_1": [
      31.900051,
      194.27927
    ],
    "connecting_line_0": [
      542.9059,
      182.32205
    ],
    "connecting_line_1": [
      498.35687,
      162.12292
    ]
  }
}