{
  "position": "Top",
  "camera_matrix": {
    "camera_to_head": {
      "rotation": [
        -0.0019643677,
        -0.047894716,
        0.010701526,
        0.9987932
      ],
      "translation": [
        0.05871,
        0.0,
        0.06364
      ]
    },
    "camera_to_ground": {
      "rotation": [
        -0.00084964203,
        0.21832037,
        -0.0011747126,
        0.97587657
      ],
      "translation": [
        0.10863866,
        0.0031220412,
        0.3774813
      ]
    },
    "ground_to_camera": {
      "rotation": [
        0.00084964203,
        -0.21832037,
        0.0011747126,
        0.97587657
      ],
      "translation": [
        0.06257297,
        -0.0025112117,
        -0.38779193
      ]
    },
    "camera_to_robot": {
      "rotation": [
        0.0029389889,
        0.19543706,
        -0.00044479314,
        0.980712
      ],
      "translation": [
        0.081710845,
        -0.0018839296,
        0.24007812
      ]
    },
    "robot_to_camera": {
      "rotation": [
        -0.0029389889,
        -0.19543706,
        0.00044479314,
        0.980712
      ],
      "translation": [
        0.016562656,
        0.00037652615,
        -0.2530677
      ]
    },
    "focal_length": [
      608.0,
      609.6
    ],
    "optical_center": [
      320.0,
      240.0
    ],
    "field_of_view": [
      0.9689559,
      0.75012857
    ],
    "horizon": {
      "left_horizon_y": -47.89499,
      "right_horizon_y": -46.35735
    }
  },
  "crossings": {
    "border_line_0": [
      2.4280577,
      112.87769
    ],
    "border_line_1": [
      611.6546,
      43.07682
    ],
    "goal_box_line_0": [
      89.60303,
      169.0294
    ],
    "goal_box_line_1": [
      629.43146,
      81.11253
    ],
    "connecting_line_0": [
      89.86703,
      169.52658
    ],
    "connecting_line_1": [
      38.613823,
      108.63438
    ]
  }
}