{
  "position": "Bottom",
  "camera_matrix": {
    "camera_to_head": {
      "rotation": [
        0.005255674,
        0.29767695,
        -0.009427623,
        0.9546056
      ],
      "translation": [
        0.05071,
        0.0,
        0.01774
      ]
    },
    "camera_to_ground": {
      "rotation": [
        0.002139871,
        0.15644632,
        0.061104994,
        0.9857918
      ],
      "translation": [
        0.045818463,
        0.0025576872,
        0.47262436
      ]
    },
    "ground_to_camera": {
      "rotation": [
        -0.0021398715,
        -0.15644634,
        -0.061104994,
        0.9857918
      ],
      "translation": [
        0.102112755,
        -0.008079547,
        -0.46366727
      ]
    },
    "camera_to_robot": {
      "rotation": [
        -0.0025324356,
        0.13325913,
        0.060704436,
        0.9892169
      ],
      "translation": [
        0.041566186,
        0.005838598,
        0.24503168
      ]
    },
    "robot_to_camera": {
      "rotation": [
        0.002532435,
        -0.13325915,
        -0.060704436,
        0.9892169
      ],
      "translation": [
        0.024195746,
        -0.0035120074,
        -0.2473956
      ]
    },
    "focal_length": [
      608.0,
      609.6
    ],
    "optical_center": [
      320.0,
      240.0
    ],
    "field_of_view": [
      0.9689559,
      0.75012857
    ],
    "horizon": {
      "left_horizon_y": 50.33171,
      "right_horizon_y": 34.609562
    }
  },
  "crossings": {
    "border_line_0": [
      139.99486,
      131.44847
    ],
    "border_line_1": [
      633.20074,
      198.69795
    ],
    "goal_box_line_0": [
      161.8069,
      165.91917
    ],
    "goal_box_line_1": [
      628.4294,
      259.20474
    ],
    "connecting_line_0": [
      162.5122,
      165.73611
    ],
    "connecting_line_1": [
      261.93536,
      148.02286
    ]
  }
}