{
  "position": "Bottom",
  "camera_matrix": {
    "camera_to_head": {
      "rotation": [
        0.005255674,
        0.29767695,
        -0.009427623,
        0.9546056
      ],
      "translation": [
        0.05071,
        0.0,
        0.01774
      ]
    },
    "camera_to_ground": {
      "rotation": [
        0.008840435,
        0.037643787,
        -0.10954215,
        0.9932294
      ],
      "translation": [
        0.049124375,
        -0.009111006,
        0.3943852
      ]
    },
    "ground_to_camera": {
      "rotation": [
        -0.008840436,
        -0.0376438,
        0.10954215,
        0.9932294
      ],
      "translation": [
        -0.019527543,
        -0.0055045867,
        -0.3970192
      ]
    },
    "camera_to_robot": {
      "rotation": [
        0.010898992,
        0.032087322,
        -0.109443456,
        0.993415
      ],
      "translation": [
        0.033722006,
        -0.0069785756,
        0.25273514
      ]
    },
    "robot_to_camera": {
      "rotation": [
        -0.010898993,
        -0.032087337,
        0.109443456,
        0.993415
      ],
      "translation": [
        -0.017641947,
        -0.0042443024,
        -0.25442418
      ]
    },
    "focal_length": [
      608.0,
      609.6
    ],
    "optical_center": [
      320.0,
      240.0
    ],
    "field_of_view": [
      0.9689559,
      0.75012857
    ],
    "horizon": {
      "left_horizon_y": 196.09167,
      "right_horizon_y": 190.10648
    }
  },
  "crossings": {
    "border_line_0": [
      628.096,
      316.74973
    ],
    "border_line_1": [
      41.315517,
      278.53287
    ],
    "goal_box_line_0": [
      517.10876,
      359.39874
    ],
    "goal_box_line_1": [
      15.416238,
      311.90515
    ],
    "connecting_line_0": [
      517.2764,
      358.53928
    ],
    "connecting_line_1": [
      535.96857,
      310.0263
    ]
  }
}