{
  "camera_matrix": {
    "camera_to_head": {
      "rotation": [
        -0.0019643677,
        -0.047894716,
        0.010701526,
        0.9987932
      ],
      "translation": [
        0.05871,
        0.0,
        0.06364
      ]
    },
    "camera_to_ground": {
      "rotation": [
        0.0020833588,
        0.13419062,
        0.0025712394,
        0.99095035
      ],
      "translation": [
        0.08022306,
        -0.0024467255,
        0.47987127
      ]
    },
    "ground_to_camera": {
      "rotation": [
        -0.0020833588,
        -0.1341906,
        -0.0025712396,
        0.99095035
      ],
      "translation": [
        0.050298765,
        0.0004980895,
        -0.4839297
      ]
    },
    "camera_to_robot": {
      "rotation": [
        0.00068749685,
        0.110597014,
        0.002471581,
        0.99386215
      ],
      "translation": [
        0.075632565,
        -0.0012795253,
        0.25363067
      ]
    },
    "robot_to_camera": {
      "rotation": [
        -0.00068749685,
        -0.110597014,
        -0.002471581,
        0.99386215
      ],
      "translation": [
        -0.018018551,
        0.0011543165,
        -0.26405385
      ]
    },
    "focal_length": [
      608.0,
      609.6
    ],
    "optical_center": [
      320.0,
      240.0
    ],
    "field_of_view": [
      0.9689559,
      0.75012857
    ],
    "horizon": {
      "left_horizon_y": 73.427795,
      "right_horizon_y": 70.22492
    }
  },
  "crossings": {
    "border_line_0": [
      52.57708,
      137.92908
    ],
    "border_line_1": [
      637.2167,
      210.75537
    ],
    "goal_box_line_0": [
      459.45786,
      226.82874
    ],
    "goal_box_line_1": [
      105.6995,
      167.92522
    ],
    "connecting_line_0": [
      532.0625,
      197.77298
    ],
    "connecting_line_1": [
      459.42123,
      226.81909
    ]
  },
  "position": "Top"
}
