{
  "position": "Bottom",
  "camera_matrix": {
    "camera_to_head": {
      "rotation": [
        0.005255674,
        0.29767695,
        -0.009427623,
        0.9546056
      ],
      "translation": [
        0.05071,
        0.0,
        0.01774
      ]
    },
    "camera_to_ground": {
      "rotation": [
        0.07654547,
        0.092181705,
        -0.43476692,
        0.89253604
      ],
      "translation": [
        0.011223265,
        -0.031978764,
        0.38732192
      ]
    },
    "ground_to_camera": {
      "rotation": [
        -0.07654547,
        -0.09218172,
        0.43476692,
        0.89253604
      ],
      "translation": [
        0.058357194,
        -0.011231545,
        -0.3842332
      ]
    },
    "camera_to_robot": {
      "rotation": [
        0.06375,
        0.117048465,
        -0.436819,
        0.88962036
      ],
      "translation": [
        0.026226282,
        -0.03277224,
        0.24503165
      ]
    },
    "robot_to_camera": {
      "rotation": [
        -0.06375,
        -0.11704848,
        0.436819,
        0.88962036
      ],
      "translation": [
        0.024195723,
        -0.003512017,
        -0.2473956
      ]
    },
    "focal_length": [
      608.0,
      609.6
    ],
    "optical_center": [
      320.0,
      240.0
    ],
    "field_of_view": [
      0.9689559,
      0.75012857
    ],
    "horizon": {
      "left_horizon_y": 113.60867,
      "right_horizon_y": 76.350555
    }
  },
  "crossings": {
    "border_line_0": [
      632.5667,
      200.90825
    ],
    "border_line_1": [
      242.41457,
      147.2501
    ],
    "goal_box_line_0": [
      443.26117,
      211.45874
    ],
    "goal_box_line_1": [
      231.80241,
      165.23315
    ],
    "connecting_line_0": [
      443.16672,
      211.6129
    ],
    "connecting_line_1": [
      563.7911,
      191.76643
    ]
  }
}