{
  "position": "Bottom",
  "camera_matrix": {
    "camera_to_head": {
      "rotation": [
        -0.0019643677,
        -0.047894716,
        0.010701526,
        0.9987932
      ],
      "translation": [
        0.05871,
        0.0,
        0.06364
      ]
    },
    "camera_to_ground": {
      "rotation": [
        -0.057376016,
        0.118490756,
        0.47269595,
        0.8713362
      ],
      "translation": [
        0.06279167,
        0.065707885,
        0.391221
      ]
    },
    "ground_to_camera": {
      "rotation": [
        0.057376016,
        -0.118490756,
        -0.47269598,
        0.8713362
      ],
      "translation": [
        0.015802715,
        0.01195973,
        -0.4011501
      ]
    },
    "camera_to_robot": {
      "rotation": [
        -0.0594846,
        0.11260576,
        0.4724374,
        0.8721151
      ],
      "translation": [
        0.04347814,
        0.063576885,
        0.25105438
      ]
    },
    "robot_to_camera": {
      "rotation": [
        0.0594846,
        -0.11260576,
        -0.4724374,
        0.8721151
      ],
      "translation": [
        -0.011084974,
        0.0009998826,
        -0.26236767
      ]
    },
    "focal_length": [
      608.0,
      609.6
    ],
    "optical_center": [
      320.0,
      240.0
    ],
    "field_of_view": [
      0.9689559,
      0.75012857
    ],
    "horizon": {
      "left_horizon_y": 79.348724,
      "right_horizon_y": 71.36284
    }
  },
  "crossings": {
    "border_line_0": [
      146.41379,
      174.24973
    ],
    "border_line_1": [
      615.9827,
      350.87933
    ],
    "goal_box_line_0": [
      27.286743,
      207.51797
    ],
    "goal_box_line_1": [
      198.16803,
      468.5669
    ],
    "connecting_line_0": [
      26.641186,
      208.07681
    ],
    "connecting_line_1": [
      181.72661,
      188.0858
    ]
  }
}