{
  "position": "Top",
  "camera_matrix": {
    "camera_to_head": {
      "rotation": [
        -0.0019643677,
        -0.047894716,
        0.010701526,
        0.9987932
      ],
      "translation": [
        0.05871,
        0.0,
        0.06364
      ]
    },
    "camera_to_ground": {
      "rotation": [
        -0.047252234,
        0.19380541,
        0.28403318,
        0.937834
      ],
      "translation": [
        0.09447615,
        0.048649546,
        0.3807628
      ]
    },
    "ground_to_camera": {
      "rotation": [
        0.047252238,
        -0.1938054,
        -0.28403312,
        0.937834
      ],
      "translation": [
        0.05147097,
        0.0033069744,
        -0.39193445
      ]
    },
    "camera_to_robot": {
      "rotation": [
        -0.049204636,
        0.17198382,
        0.28371027,
        0.94207716
      ],
      "translation": [
        0.06826573,
        0.04307888,
        0.24281964
      ]
    },
    "robot_to_camera": {
      "rotation": [
        0.049204636,
        -0.17198382,
        -0.28371024,
        0.94207716
      ],
      "translation": [
        0.009927131,
        0.00052728667,
        -0.2556923
      ]
    },
    "focal_length": [
      608.0,
      609.6
    ],
    "optical_center": [
      320.0,
      240.0
    ],
    "field_of_view": [
      0.9689559,
      0.75012857
    ],
    "horizon": {
      "left_horizon_y": -11.055252,
      "right_horizon_y": -25.996464
    }
  },
  "crossings": {
    "border_line_0": [
      37.411354,
      136.03865
    ],
    "border_line_1": [
      631.92694,
      112.12423
    ],
    "goal_box_line_0": [
      638.5598,
      175.99176
    ],
    "goal_box_line_1": [
      473.00677,
      181.01553
    ],
    "connecting_line_0": [
      473.31512,
      180.98083
    ],
    "connecting_line_1": [
      431.73944,
      120.5993
    ]
  }
}