{
  "camera_matrix": {
    "camera_to_head": {
      "rotation": [
        -0.0019643677,
        -0.047894716,
        0.010701526,
        0.9987932
      ],
      "translation": [
        0.05871,
        0.0,
        0.06364
      ]
    },
    "camera_to_ground": {
      "rotation": [
        0.04223902,
        0.17872944,
        -0.31019244,
        0.9327664
      ],
      "translation": [
        0.07810638,
        -0.053324472,
        0.4723732
      ]
    },
    "ground_to_camera": {
      "rotation": [
        -0.04223902,
        -0.17872944,
        0.31019244,
        0.9327664
      ],
      "translation": [
        0.081741594,
        0.011650133,
        -0.4746189
      ]
    },
    "camera_to_robot": {
      "rotation": [
        0.048946902,
        0.14273648,
        -0.30914295,
        0.93896836
      ],
      "translation": [
        0.06235364,
        -0.0482062,
        0.24734835
      ]
    },
    "robot_to_camera": {
      "rotation": [
        -0.048946906,
        -0.14273648,
        0.30914295,
        0.93896836
      ],
      "translation": [
        -0.0014199689,
        0.0007833388,
        -0.2595966
      ]
    },
    "focal_length": [
      608.0,
      609.6
    ],
    "optical_center": [
      320.0,
      240.0
    ],
    "field_of_view": [
      0.9689559,
      0.75012857
    ],
    "horizon": {
      "left_horizon_y": -6.1266937,
      "right_horizon_y": 15.914997
    }
  },
  "crossings": {
    "border_line_0": [
      630.7091,
      161.76836
    ],
    "border_line_1": [
      43.537384,
      63.03122
    ],
    "goal_box_line_0": [
      413.46927,
      164.85545
    ],
    "goal_box_line_1": [
      49.66341,
      88.16547
    ],
    "connecting_line_0": [
      413.38257,
      164.7803
    ],
    "connecting_line_1": [
      487.17816,
      137.42998
    ]
  },
  "position": "Top"
}
