{
  "position": "Bottom",
  "camera_matrix": {
    "camera_to_head": {
      "rotation": [
        0.005255674,
        0.29767695,
        -0.009427623,
        0.9546056
      ],
      "translation": [
        0.05071,
        0.0,
        0.01774
      ]
    },
    "camera_to_ground": {
      "rotation": [
        -0.032963917,
        0.12666272,
        0.436223,
        0.8902689
      ],
      "translation": [
        0.046404026,
        0.024532162,
        0.38745955
      ]
    },
    "ground_to_camera": {
      "rotation": [
        0.032963917,
        -0.12666273,
        -0.43622303,
        0.8902689
      ],
      "translation": [
        0.05242186,
        0.0012122837,
        -0.38746682
      ]
    },
    "camera_to_robot": {
      "rotation": [
        -0.048073217,
        0.11201403,
        0.43468484,
        0.8922951
      ],
      "translation": [
        0.024842301,
        0.032857433,
        0.24598855
      ]
    },
    "robot_to_camera": {
      "rotation": [
        0.048073217,
        -0.11201405,
        -0.43468484,
        0.8922951
      ],
      "translation": [
        0.019487903,
        -0.0036012672,
        -0.24862495
      ]
    },
    "focal_length": [
      608.0,
      609.6
    ],
    "optical_center": [
      320.0,
      240.0
    ],
    "field_of_view": [
      0.9689559,
      0.75012857
    ],
    "horizon": {
      "left_horizon_y": 96.70087,
      "right_horizon_y": 62.327633
    }
  },
  "crossings": {
    "border_line_0": [
      621.63275,
      193.01129
    ],
    "border_line_1": [
      239.10007,
      149.65312
    ],
    "goal_box_line_0": [
      424.42252,
      208.18086
    ],
    "goal_box_line_1": [
      204.08401,
      165.44127
    ],
    "connecting_line_0": [
      424.53427,
      208.13847
    ],
    "connecting_line_1": [
      546.3553,
      184.38591
    ]
  }
}