{
  "position": "Top",
  "camera_matrix": {
    "camera_to_head": {
      "rotation": [
        -0.0019643677,
        -0.047894716,
        0.010701526,
        0.9987932
      ],
      "translation": [
        0.05871,
        0.0,
        0.06364
      ]
    },
    "camera_to_ground": {
      "rotation": [
        0.012250938,
        0.15087356,
        -0.09723299,
        0.9836838
      ],
      "translation": [
        0.08014689,
        -0.017699566,
        0.47700626
      ]
    },
    "ground_to_camera": {
      "rotation": [
        -0.012250938,
        -0.15087356,
        0.097233,
        0.9836838
      ],
      "translation": [
        0.06442006,
        0.004230177,
        -0.4796915
      ]
    },
    "camera_to_robot": {
      "rotation": [
        0.013781648,
        0.1266039,
        -0.097012326,
        0.9871021
      ],
      "translation": [
        0.07520108,
        -0.016648311,
        0.25105438
      ]
    },
    "robot_to_camera": {
      "rotation": [
        -0.013781648,
        -0.1266039,
        0.097012326,
        0.9871021
      ],
      "translation": [
        -0.011084959,
        0.000999861,
        -0.26236767
      ]
    },
    "focal_length": [
      608.0,
      609.6
    ],
    "optical_center": [
      320.0,
      240.0
    ],
    "field_of_view": [
      0.9689559,
      0.75012857
    ],
    "horizon": {
      "left_horizon_y": 47.0831,
      "right_horizon_y": 50.599937
    }
  },
  "crossings": {
    "border_line_0": [
      623.1339,
      119.86318
    ],
    "border_line_1": [
      39.762333,
      186.232
    ],
    "goal_box_line_0": [
      563.95294,
      151.11766
    ],
    "goal_box_line_1": [
      121.393234,
      219.19577
    ],
    "connecting_line_0": [
      563.44806,
      151.18318
    ],
    "connecting_line_1": [
      468.28555,
      136.95207
    ]
  }
}