{
  "position": "Bottom",
  "camera_matrix": {
    "camera_to_head": {
      "rotation": [
        0.005255674,
        0.29767695,
        -0.009427623,
        0.9546056
      ],
      "translation": [
        0.05071,
        0.0,
        0.01774
      ]
    },
    "camera_to_ground": {
      "rotation": [
        0.10374736,
        0.10150988,
        -0.5336529,
        0.8331545
      ],
      "translation": [
        0.0021846034,
        -0.037558682,
        0.3852142
      ]
    },
    "ground_to_camera": {
      "rotation": [
        -0.10374736,
        -0.10150989,
        0.53365296,
        0.8331545
      ],
      "translation": [
        0.07431006,
        -0.011489872,
        -0.37967277
      ]
    },
    "camera_to_robot": {
      "rotation": [
        0.08824565,
        0.12682226,
        -0.53644055,
        0.82967466
      ],
      "translation": [
        0.018482976,
        -0.039240256,
        0.24319844
      ]
    },
    "robot_to_camera": {
      "rotation": [
        -0.08824565,
        -0.12682228,
        0.53644055,
        0.82967466
      ],
      "translation": [
        0.032902718,
        -0.003342088,
        -0.24481246
      ]
    },
    "focal_length": [
      608.0,
      609.6
    ],
    "optical_center": [
      320.0,
      240.0
    ],
    "field_of_view": [
      0.9689559,
      0.75012857
    ],
    "horizon": {
      "left_horizon_y": 83.49753,
      "right_horizon_y": 40.333622
    }
  },
  "crossings": {
    "border_line_0": [
      627.0882,
      178.87653
    ],
    "border_line_1": [
      90.87294,
      128.05112
    ],
    "goal_box_line_0": [
      302.7672,
      186.03929
    ],
    "goal_box_line_1": [
      71.76066,
      146.97841
    ],
    "connecting_line_0": [
      303.22583,
      185.11624
    ],
    "connecting_line_1": [
      415.24408,
      159.74112
    ]
  }
}