{
  "position": "Top",
  "camera_matrix": {
    "camera_to_head": {
      "rotation": [
        -0.0019643677,
        -0.047894716,
        0.010701526,
        0.9987932
      ],
      "translation": [
        0.05871,
        0.0,
        0.06364
      ]
    },
    "camera_to_ground": {
      "rotation": [
        -0.03670842,
        0.08199507,
        0.629262,
        0.77198416
      ],
      "translation": [
        0.019935785,
        0.0692297,
        0.48663133
      ]
    },
    "ground_to_camera": {
      "rotation": [
        0.036708422,
        -0.08199508,
        -0.629262,
        0.77198416
      ],
      "translation": [
        0.013364233,
        -0.017364683,
        -0.49144697
      ]
    },
    "camera_to_robot": {
      "rotation": [
        -0.052585796,
        0.06535647,
        0.6281327,
        0.7735716
      ],
      "translation": [
        0.016603991,
        0.07136744,
        0.25762933
      ]
    },
    "robot_to_camera": {
      "rotation": [
        0.0525858,
        -0.06535647,
        -0.6281327,
        0.7735716
      ],
      "translation": [
        -0.029155172,
        0.0014009399,
        -0.26625153
      ]
    },
    "focal_length": [
      608.0,
      609.6
    ],
    "optical_center": [
      320.0,
      240.0
    ],
    "field_of_view": [
      0.9689559,
      0.75012857
    ],
    "horizon": {
      "left_horizon_y": 148.10452,
      "right_horizon_y": 117.813576
    }
  },
  "crossings": {
    "border_line_0": [
      527.401,
      214.69229
    ],
    "border_line_1": [
      4.967883,
      352.14926
    ],
    "goal_box_line_0": [
      511.1331,
      258.44357
    ],
    "goal_box_line_1": [
      2.2835302,
      444.50217
    ],
    "connecting_line_0": [
      510.8652,
      258.54187
    ],
    "connecting_line_1": [
      393.65747,
      249.70065
    ]
  }
}