{
  "camera_matrix": {
    "camera_to_head": {
      "rotation": [
        -0.0019643677,
        -0.047894716,
        0.010701526,
        0.9987932
      ],
      "translation": [
        0.05871,
        0.0,
        0.06364
      ]
    },
    "camera_to_ground": {
      "rotation": [
        -0.019290049,
        -0.015052832,
        -0.23643391,
        0.97133994
      ],
      "translation": [
        0.06877223,
        -0.033078197,
        0.5008987
      ]
    },
    "ground_to_camera": {
      "rotation": [
        0.019290049,
        0.015052831,
        0.23643392,
        0.97133994
      ],
      "translation": [
        -0.095442995,
        0.012932787,
        -0.49744016
      ]
    },
    "camera_to_robot": {
      "rotation": [
        -0.015340886,
        -0.051859945,
        -0.2367319,
        0.97006893
      ],
      "translation": [
        0.05082777,
        -0.02777565,
        0.2758581
      ]
    },
    "robot_to_camera": {
      "rotation": [
        0.015340886,
        0.05185994,
        0.2367319,
        0.97006893
      ],
      "translation": [
        -0.087329574,
        0.0026608023,
        -0.2679909
      ]
    },
    "focal_length": [
      608.0,
      609.6
    ],
    "optical_center": [
      320.0,
      240.0
    ],
    "field_of_view": [
      0.9689559,
      0.75012857
    ],
    "horizon": {
      "left_horizon_y": 253.66373,
      "right_horizon_y": 273.1358
    }
  },
  "crossings": {
    "border_line_0": [
      637.8718,
      422.51474
    ],
    "border_line_1": [
      175.11497,
      330.74188
    ],
    "goal_box_line_0": [
      522.5912,
      444.30753
    ],
    "goal_box_line_1": [
      162.98817,
      353.02026
    ],
    "connecting_line_0": [
      522.79736,
      443.9703
    ],
    "connecting_line_1": [
      603.1718,
      415.03015
    ]
  },
  "position": "Top"
}
