{
  "position": "Bottom",
  "camera_matrix": {
    "camera_to_head": {
      "rotation": [
        0.005255674,
        0.29767695,
        -0.009427623,
        0.9546056
      ],
      "translation": [
        0.05071,
        0.0,
        0.01774
      ]
    },
    "camera_to_ground": {
      "rotation": [
        -0.07783042,
        0.13103327,
        0.63064545,
        0.760959
      ],
      "translation": [
        0.030662172,
        0.037927408,
        0.38529724
      ]
    },
    "ground_to_camera": {
      "rotation": [
        0.07783042,
        -0.13103327,
        -0.63064545,
        0.760959
      ],
      "translation": [
        0.07381162,
        0.0047158375,
        -0.38126397
      ]
    },
    "camera_to_robot": {
      "rotation": [
        -0.09169708,
        0.11961434,
        0.62874824,
        0.7628627
      ],
      "translation": [
        0.0075051337,
        0.042472944,
        0.24353018
      ]
    },
    "robot_to_camera": {
      "rotation": [
        0.09169708,
        -0.11961434,
        -0.62874824,
        0.7628627
      ],
      "translation": [
        0.03135618,
        -0.003372723,
        -0.2453011
      ]
    },
    "focal_length": [
      608.0,
      609.6
    ],
    "optical_center": [
      320.0,
      240.0
    ],
    "field_of_view": [
      0.9689559,
      0.75012857
    ],
    "horizon": {
      "left_horizon_y": 65.50548,
      "right_horizon_y": 34.047714
    }
  },
  "crossings": {
    "border_line_0": [
      632.33936,
      183.73264
    ],
    "border_line_1": [
      130.39247,
      131.98033
    ],
    "goal_box_line_0": [
      321.98355,
      188.58298
    ],
    "goal_box_line_1": [
      91.377815,
      148.43716
    ],
    "connecting_line_0": [
      322.44025,
      188.39798
    ],
    "connecting_line_1": [
      436.848,
      163.38899
    ]
  }
}