{
  "position": "Top",
  "camera_matrix": {
    "camera_to_head": {
      "rotation": [
        -0.0019643677,
        -0.047894716,
        0.010701526,
        0.9987932
      ],
      "translation": [
        0.05871,
        0.0,
        0.06364
      ]
    },
    "camera_to_ground": {
      "rotation": [
        0.031984523,
        0.18689577,
        -0.18497442,
        0.9642778
      ],
      "translation": [
        0.09526929,
        -0.027733935,
        0.3823308
      ]
    },
    "ground_to_camera": {
      "rotation": [
        -0.031984523,
        -0.18689579,
        0.1849744,
        0.9642778
      ],
      "translation": [
        0.05067442,
        -0.0064940043,
        -0.3916787
      ]
    },
    "camera_to_robot": {
      "rotation": [
        0.036091242,
        0.17597581,
        -0.18423377,
        0.9663271
      ],
      "translation": [
        0.07442892,
        -0.031369988,
        0.24269573
      ]
    },
    "robot_to_camera": {
      "rotation": [
        -0.036091242,
        -0.17597583,
        0.18423375,
        0.9663271
      ],
      "translation": [
        0.010230638,
        0.0005203838,
        -0.25557783
      ]
    },
    "focal_length": [
      608.0,
      609.6
    ],
    "optical_center": [
      320.0,
      240.0
    ],
    "field_of_view": [
      0.9689559,
      0.75012857
    ],
    "horizon": {
      "left_horizon_y": -7.097229,
      "right_horizon_y": -1.948875
    }
  },
  "crossings": {
    "border_line_0": [
      434.6878,
      59.537514
    ],
    "border_line_1": [
      3.0158014,
      123.069756
    ],
    "goal_box_line_0": [
      421.11188,
      92.43961
    ],
    "goal_box_line_1": [
      1.4067316,
      189.66019
    ],
    "connecting_line_0": [
      421.86536,
      92.53982
    ],
    "connecting_line_1": [
      313.2599,
      77.65544
    ]
  }
}