{
  "camera_matrix": {
    "camera_to_head": {
      "rotation": [
        -0.0019643677,
        -0.047894716,
        0.010701526,
        0.9987932
      ],
      "translation": [
        0.05871,
        0.0,
        0.06364
      ]
    },
    "camera_to_ground": {
      "rotation": [
        -0.025817899,
        -0.031043932,
        -0.32377255,
        0.94527316
      ],
      "translation": [
        0.05149087,
        -0.04070508,
        0.50323236
      ]
    },
    "ground_to_camera": {
      "rotation": [
        0.025817899,
        0.031043926,
        0.32377255,
        0.94527316
      ],
      "translation": [
        -0.10339466,
        0.014962834,
        -0.4966253
      ]
    },
    "camera_to_robot": {
      "rotation": [
        -0.022116195,
        -0.055996142,
        -0.32405946,
        0.94411916
      ],
      "translation": [
        0.044324845,
        -0.036040112,
        0.27656406
      ]
    },
    "robot_to_camera": {
      "rotation": [
        0.022116195,
        0.05599614,
        0.32405946,
        0.94411916
      ],
      "translation": [
        -0.08990759,
        0.002715554,
        -0.2676948
      ]
    },
    "focal_length": [
      608.0,
      609.6
    ],
    "optical_center": [
      320.0,
      240.0
    ],
    "field_of_view": [
      0.9689559,
      0.75012857
    ],
    "horizon": {
      "left_horizon_y": 276.87848,
      "right_horizon_y": 295.33105
    }
  },
  "crossings": {
    "border_line_0": [
      638.7949,
      450.21194
    ],
    "border_line_1": [
      119.7726,
      349.37817
    ],
    "goal_box_line_0": [
      503.5945,
      468.01578
    ],
    "goal_box_line_1": [
      139.97945,
      376.8827
    ],
    "connecting_line_0": [
      578.81415,
      438.1237
    ],
    "connecting_line_1": [
      503.7988,
      467.68625
    ]
  },
  "position": "Top"
}
