{
  "position": "Bottom",
  "camera_matrix": {
    "camera_to_head": {
      "rotation": [
        0.005255674,
        0.29767695,
        -0.009427623,
        0.9546056
      ],
      "translation": [
        0.05071,
        0.0,
        0.01774
      ]
    },
    "camera_to_ground": {
      "rotation": [
        0.041095417,
        0.029387271,
        -0.35325444,
        0.9341614
      ],
      "translation": [
        0.011114658,
        -0.023667961,
        0.39327222
      ]
    },
    "ground_to_camera": {
      "rotation": [
        -0.04109542,
        -0.029387275,
        0.3532544,
        0.9341614
      ],
      "translation": [
        0.009125978,
        -0.01171141,
        -0.39386076
      ]
    },
    "camera_to_robot": {
      "rotation": [
        0.029277511,
        0.0578678,
        -0.35441035,
        0.9328381
      ],
      "translation": [
        0.028022377,
        -0.024099827,
        0.2504892
      ]
    },
    "robot_to_camera": {
      "rotation": [
        -0.029277511,
        -0.057867803,
        0.35441035,
        0.9328381
      ],
      "translation": [
        -0.004406832,
        -0.0040272204,
        -0.25313088
      ]
    },
    "focal_length": [
      608.0,
      609.6
    ],
    "optical_center": [
      320.0,
      240.0
    ],
    "field_of_view": [
      0.9689559,
      0.75012857
    ],
    "horizon": {
      "left_horizon_y": 206.63298,
      "right_horizon_y": 170.55962
    }
  },
  "crossings": {
    "border_line_0": [
      346.90967,
      231.83322
    ],
    "border_line_1": [
      614.709,
      271.13113
    ],
    "goal_box_line_0": [
      339.5754,
      248.9838
    ],
    "goal_box_line_1": [
      568.64716,
      303.9523
    ],
    "connecting_line_0": [
      339.59274,
      248.84503
    ],
    "connecting_line_1": [
      420.58002,
      242.33939
    ]
  }
}