{
  "position": "Bottom",
  "camera_matrix": {
    "camera_to_head": {
      "rotation": [
        -0.0019643677,
        -0.047894716,
        0.010701526,
        0.9987932
      ],
      "translation": [
        0.05871,
        0.0,
        0.06364
      ]
    },
    "camera_to_ground": {
      "rotation": [
        -0.017302357,
        0.15256593,
        0.1357622,
        0.97877157
      ],
      "translation": [
        0.096088864,
        0.021920403,
        0.38803038
      ]
    },
    "ground_to_camera": {
      "rotation": [
        0.017302353,
        -0.15256593,
        -0.1357622,
        0.97877157
      ],
      "translation": [
        0.02392647,
        0.0020129918,
        -0.3996306
      ]
    },
    "camera_to_robot": {
      "rotation": [
        -0.017800152,
        0.14066961,
        0.13570699,
        0.98055047
      ],
      "translation": [
        0.07565295,
        0.019564796,
        0.248793
      ]
    },
    "robot_to_camera": {
      "rotation": [
        0.017800149,
        -0.14066961,
        -0.13570699,
        0.98055047
      ],
      "translation": [
        -0.0051454976,
        0.00086698786,
        -0.26072374
      ]
    },
    "focal_length": [
      608.0,
      609.6
    ],
    "optical_center": [
      320.0,
      240.0
    ],
    "field_of_view": [
      0.9689559,
      0.75012857
    ],
    "horizon": {
      "left_horizon_y": 48.469666,
      "right_horizon_y": 43.38961
    }
  },
  "crossings": {
    "border_line_0": [
      195.15994,
      113.320915
    ],
    "border_line_1": [
      603.06775,
      288.0967
    ],
    "goal_box_line_0": [
      118.47571,
      156.88141
    ],
    "goal_box_line_1": [
      302.5745,
      465.29672
    ],
    "connecting_line_0": [
      117.96312,
      156.7099
    ],
    "connecting_line_1": [
      267.38116,
      143.88359
    ]
  }
}