{
  "position": "Bottom",
  "camera_matrix": {
    "camera_to_head": {
      "rotation": [
        0.005255674,
        0.29767695,
        -0.009427623,
        0.9546056
      ],
      "translation": [
        0.05071,
        0.0,
        0.01774
      ]
    },
    "camera_to_ground": {
      "rotation": [
        -0.0908376,
        0.16439416,
        0.5757635,
        0.79575086
      ],
      "translation": [
        0.011187751,
        0.03752519,
        0.4706264
      ]
    },
    "ground_to_camera": {
      "rotation": [
        0.0908376,
        -0.16439416,
        -0.57576346,
        0.79575086
      ],
      "translation": [
        0.13592996,
        -0.02249465,
        -0.45170736
      ]
    },
    "camera_to_robot": {
      "rotation": [
        -0.105304934,
        0.15448606,
        0.5732358,
        0.7977753
      ],
      "translation": [
        0.013703264,
        0.043251507,
        0.24027045
      ]
    },
    "robot_to_camera": {
      "rotation": [
        0.105304934,
        -0.15448606,
        -0.5732358,
        0.7977753
      ],
      "translation": [
        0.046036825,
        -0.0030733475,
        -0.24012399
      ]
    },
    "focal_length": [
      608.0,
      609.6
    ],
    "optical_center": [
      320.0,
      240.0
    ],
    "field_of_view": [
      0.9689559,
      0.75012857
    ],
    "horizon": {
      "left_horizon_y": 15.23822,
      "right_horizon_y": -15.599075
    }
  },
  "crossings": {
    "border_line_0": [
      629.44495,
      161.63347
    ],
    "border_line_1": [
      124.395546,
      108.51104
    ],
    "goal_box_line_0": [
      616.7092,
      221.77606
    ],
    "goal_box_line_1": [
      160.02826,
      144.8182
    ],
    "connecting_line_0": [
      160.01863,
      145.25179
    ],
    "connecting_line_1": [
      257.0754,
      122.83465
    ]
  }
}