{
  "position": "Bottom",
  "camera_matrix": {
    "camera_to_head": {
      "rotation": [
        -0.0019643677,
        -0.047894716,
        0.010701526,
        0.9987932
      ],
      "translation": [
        0.05871,
        0.0,
        0.06364
      ]
    },
    "camera_to_ground": {
      "rotation": [
        0.074058935,
        0.10576831,
        -0.5317899,
        0.8369756
      ],
      "translation": [
        0.0420666,
        -0.06814373,
        0.39235124
      ]
    },
    "ground_to_camera": {
      "rotation": [
        -0.074058935,
        -0.1057683,
        0.53178984,
        0.8369756
      ],
      "translation": [
        0.023444884,
        -0.013755623,
        -0.3995169
      ]
    },
    "camera_to_robot": {
      "rotation": [
        0.07243438,
        0.11115707,
        -0.5320167,
        0.836275
      ],
      "translation": [
        0.031270113,
        -0.0708482,
        0.25022507
      ]
    },
    "robot_to_camera": {
      "rotation": [
        -0.07243438,
        -0.11115706,
        0.5320167,
        0.836275
      ],
      "translation": [
        -0.00889118,
        0.00095083547,
        -0.26178217
      ]
    },
    "focal_length": [
      608.0,
      609.6
    ],
    "optical_center": [
      320.0,
      240.0
    ],
    "field_of_view": [
      0.9689559,
      0.75012857
    ],
    "horizon": {
      "left_horizon_y": 82.48355,
      "right_horizon_y": 74.87617
    }
  },
  "crossings": {
    "border_line_0": [
      632.60144,
      339.1919
    ],
    "border_line_1": [
      100.91276,
      190.59865
    ],
    "goal_box_line_0": [
      286.62256,
      449.53555
    ],
    "goal_box_line_1": [
      4.49576,
      281.31357
    ],
    "connecting_line_0": [
      286.75745,
      449.5529
    ],
    "connecting_line_1": [
      526.5396,
      310.3674
    ]
  }
}