{
  "position": "Bottom",
  "camera_matrix": {
    "camera_to_head": {
      "rotation": [
        -0.0019643677,
        -0.047894716,
        0.010701526,
        0.9987932
      ],
      "translation": [
        0.05871,
        0.0,
        0.06364
      ]
    },
    "camera_to_ground": {
      "rotation": [
        0.005746047,
        0.19162558,
        -0.0068537174,
        0.9814276
      ],
      "translation": [
        0.06829198,
        -0.0029372626,
        0.38120103
      ]
    },
    "ground_to_camera": {
      "rotation": [
        -0.005746047,
        -0.19162557,
        0.0068537174,
        0.9814276
      ],
      "translation": [
        0.08010916,
        -0.0014304562,
        -0.37890252
      ]
    },
    "camera_to_robot": {
      "rotation": [
        0.0058122715,
        0.2469939,
        -0.0070502944,
        0.96897405
      ],
      "translation": [
        0.0842371,
        -0.0031062244,
        0.23128328
      ]
    },
    "robot_to_camera": {
      "rotation": [
        -0.0058122715,
        -0.24699388,
        0.0070502944,
        0.96897405
      ],
      "translation": [
        0.03674099,
        -0.000086738495,
        -0.24340826
      ]
    },
    "focal_length": [
      608.0,
      609.6
    ],
    "optical_center": [
      320.0,
      240.0
    ],
    "field_of_view": [
      0.9689559,
      0.75012857
    ],
    "horizon": {
      "left_horizon_y": -4.5379944,
      "right_horizon_y": -10.520931
    }
  },
  "crossings": {
    "border_line_0": [
      423.2316,
      35.081573
    ],
    "border_line_1": [
      629.58563,
      68.7121
    ],
    "goal_box_line_0": [
      440.54596,
      56.487022
    ],
    "goal_box_line_1": [
      632.4916,
      103.21941
    ],
    "connecting_line_0": [
      439.73276,
      56.61228
    ],
    "connecting_line_1": [
      526.769,
      51.472893
    ]
  }
}