{
  "position": "Bottom",
  "camera_matrix": {
    "camera_to_head": {
      "rotation": [
        -0.0019643677,
        -0.047894716,
        0.010701526,
        0.9987932
      ],
      "translation": [
        0.05871,
        0.0,
        0.06364
      ]
    },
    "camera_to_ground": {
      "rotation": [
        -0.015737573,
        0.20386367,
        0.1305488,
        0.97012854
      ],
      "translation": [
        0.080732405,
        0.016504334,
        0.4680289
      ]
    },
    "ground_to_camera": {
      "rotation": [
        0.01573757,
        -0.20386367,
        -0.13054879,
        0.97012854
      ],
      "translation": [
        0.11170635,
        -0.0055873487,
        -0.4618784
      ]
    },
    "camera_to_robot": {
      "rotation": [
        -0.02186805,
        0.18437892,
        0.12954518,
        0.97403526
      ],
      "translation": [
        0.078775436,
        0.019472316,
        0.24170223
      ]
    },
    "robot_to_camera": {
      "rotation": [
        0.021868048,
        -0.18437892,
        -0.12954518,
        0.97403526
      ],
      "translation": [
        0.012652323,
        0.00046546117,
        -0.25464565
      ]
    },
    "focal_length": [
      608.0,
      609.6
    ],
    "optical_center": [
      320.0,
      240.0
    ],
    "field_of_view": [
      0.9689559,
      0.75012857
    ],
    "horizon": {
      "left_horizon_y": -17.91568,
      "right_horizon_y": -33.781544
    }
  },
  "crossings": {
    "border_line_0": [
      637.5751,
      265.65067
    ],
    "border_line_1": [
      139.44565,
      115.26142
    ],
    "goal_box_line_0": [
      353.99152,
      407.7691
    ],
    "goal_box_line_1": [
      5.0372553,
      178.61252
    ],
    "connecting_line_0": [
      355.23444,
      407.8674
    ],
    "connecting_line_1": [
      589.8291,
      250.3096
    ]
  }
}