{
    "bottom_cc": [
        0.5,
        0.5
    ],
    "bottom_ext": [
        0.0,
        0.0,
        0.0
    ],
    "bottom_fc": [
        0.875,
        1.16666666667
    ],
    "fov": [
        60.97,
        47.64
    ],
    "top_cc": [
        0.5,
        0.5
    ],
    "top_ext": [
        0.0,
        0.0,
        0.0
    ],
    "top_fc": [
        0.875,
        1.16666666667
    ],
    "torsoCalibration": [
        0,
        0
    ]
}
