{
  "camera_matrix_parameters": {
    "calibration": {
      "correction_in_camera": [
        0.03082231432199478,
        0.023808838799595833,
        0.002892787801101804
      ],
      "correction_in_robot": [
        -0.002058224519714713,
        0.017871161922812462,
        0.00945789646357298
      ]
    }
  }
}