{
  "camera_matrix_parameters": {
    "calibration": {
      "correction_in_camera": [
        0.02304595708847046,
        0.028109267354011536,
        0.004686195403337479
      ],
      "correction_in_robot": [
        -0.008003894239664078,
        0.012522286735475063,
        0.0188762079924345
      ]
    }
  }
}