{
  "parameters": {
    "camera_matrix_parameters": {
      "calibration": {
        "correction_in_camera_bottom": [
          -0.02077176421880722,
          0.004432966932654381,
          -0.007669178303331137
        ],
        "correction_in_camera_top": [
          -0.018495025113224983,
          0.020553117617964745,
          0.0007087630219757557
        ],
        "correction_in_robot": [
          0.004667059052735567,
          -0.013714738190174105,
          -0.011903908103704453
        ]
      }
    }
  }
}
