{
  "camera_matrix_parameters": {
    "calibration": {
      "correction_in_camera": [
        0.017806781455874443,
        0.05588047206401825,
        -0.0010524026583880186
      ],
      "correction_in_robot": [
        0.0008523912983946502,
        0.011383753269910812,
        -0.0034927476663142443
      ]
    }
  }
}