{
  "parameters": {
    "camera_matrix_parameters": {
      "calibration": {
        "correction_in_camera_bottom": [
          0.021412860602140427,
          0.03359699249267578,
          0.0012204662198200822
        ],
        "correction_in_camera_top": [
          0.017806781455874443,
          0.05588047206401825,
          -0.0010524026583880186
        ],
        "correction_in_robot": [
          0.0008523912983946502,
          0.011383753269910812,
          -0.0034927476663142443
        ]
      }
    }
  }
}
