{
  "parameters": {
    "camera_matrix_parameters": {
      "calibration": {
        "correction_in_camera_bottom": [
          0.03570820391178131,
          0.020082686096429825,
          0.009831193834543228
        ],
        "correction_in_camera_top": [
          0.03082231432199478,
          0.023808838799595833,
          0.002892787801101804
        ],
        "correction_in_robot": [
          -0.002058224519714713,
          0.017871161922812462,
          0.00945789646357298
        ]
      }
    }
  }
}
