{
  "camera_matrix_parameters": {
    "calibration": {
      "correction_in_camera": [
        -0.018495025113224983,
        0.020553117617964745,
        0.0007087630219757557
      ],
      "correction_in_robot": [
        0.004667059052735567,
        -0.013714738190174105,
        -0.011903908103704453
      ]
    }
  }
}