{
    "camera_matrix_parameters": {
      "calibration": {
        "correction_in_camera_bottom": [
          0.015823669731616974,
          -0.01749383844435215,
          -0.006955226883292198
        ],
        "correction_in_camera_top": [
          0.011756585910916328,
          -0.007243647240102291,
          0.0003273174515925348
        ],
        "correction_in_robot": [
          0.0007516778423450887,
          0.008387894369661808,
          -0.016625750809907913
        ]
      }
    }
  }
