{
  "parameters": {
    "camera_matrix_parameters": {
      "calibration": {
        "correction_in_camera_bottom": [
          -0.006828784942626953,
          0.002158896066248417,
          0.019383927807211876
        ],
        "correction_in_camera_top": [
          -0.01523316651582718,
          -0.03435104340314865,
          -0.0005435049533843994
        ],
        "correction_in_robot": [
          -0.0027716178447008133,
          -0.0061411187052726746,
          -0.004265512805432081
        ]
      }
    }
  }
}
