{
  "parameters": {
    "camera_matrix_parameters": {
      "calibration": {
        "correction_in_camera_bottom": [
          -0.003767806338146329,
          -0.019152948632836342,
          0.022203899919986725
        ],
        "correction_in_camera_top": [
          0.0023396420292556286,
          -0.003144532907754183,
          0.02057399600744247
        ],
        "correction_in_robot": [
          -0.006951677147299051,
          0.003279573982581496,
          -0.007494662422686815
        ]
      }
    }
  }
}
