{
  "armComGain": 0.01,
  "armLiftAngles": [
    0,
    0,
    1.558502078056335,
    -0.1334998607635498,
    1.382092118263245,
    -1.563104033470154,
    -1.730393886566162,
    0.02040004730224609,
    0.0138619,
    -0.00256928,
    -0.306181,
    0.930715,
    -0.60311,
    -0.0080846,
    0.0138619,
    -0.0155994,
    -0.285596,
    0.952796,
    -0.619613,
    0.00494536,
    1.558502078056335,
    0.1334998607635498,
    -1.382092118263245,
    1.563104033470154,
    1.730393886566162,
    0.02040004730224609
  ],
  "armLiftDuration": 1,
  "armPullTightAngles": [
    0,
    0,
    1.340674042701721,
    -0.3451919555664062,
    1.303858041763306,
    -1.541628122329712,
    -1.845444202423096,
    0.02040004730224609,
    0.0138619,
    -0.00256928,
    -0.306181,
    0.930715,
    -0.60311,
    -0.0080846,
    0.0138619,
    -0.0155994,
    -0.285596,
    0.952796,
    -0.619613,
    0.00494536,
    1.340674042701721,
    0.3451919555664062,
    -1.303858041763306,
    1.541628122329712,
    1.845444202423096,
    0.02040004730224609
  ],
  "armPullTightDuration": 0.2,
  "armShoulderPitchFactor": 7,
  "armShoulderRoll": 7,
  "armShoulderRollIncreaseFactor": 1,
  "armStiffness": 0.4,
  "baseFootLift": 0.008,
  "baseWalkPeriod": 0.25,
  "emergencyStepSize": 0.02,
  "enableCollisionReaction": true,
  "enableGyroBalanceInStand": false,
  "enableTorsoCompensation": true,
  "footLiftFirstStepFactor": 0.3,
  "footLiftIncreaseFactor": [ [ 0.05, 0.01 ], 0 ],
  "gyroBackwardBalanceFactor": 0.08,
  "gyroForwardBalanceFactor": 0.08,
  "gyroLowPassRatio": 0.9,
  "gyroSidewaysBalanceFactor": 0.1,
  "maxDirectStandStepSize": [ [ 0.01, 0.01 ], 5 ],
  "maxSlowWeightShifts": 2,
  "maxWeightShiftMisses": 3,
  "minSlowWeightShiftRatio": 1.75,
  "minTimeInStandBeforeLeaving": 0.3,
  "slowWeightShiftStandDelay": 0.5,
  "speedCompensationGain": 0,
  "standLegStiffness": 0.8,
  "supportSwitchPhaseRange": [ 0.75, 3 ],
  "torsoOffset": 0.014,
  "triggerDebugCollision": false,
  "walkHipHeight": 0.225,
  "walkLegStiffness": 0.8,
  "walkPeriodIncreaseFactor": [ [ 0, 0.9 ], 0 ]
}
